2025-10-08 22:59:20.941 [JavaFX Application Thread] INFO  Utils.ThreadPoolManager - Thread pool manager initialized
2025-10-08 22:59:20.986 [Thread-5077] INFO  com.zaxxer.hikari.HikariDataSource - HikariPool-1 - Starting...
2025-10-08 22:59:22.677 [Thread-5077] INFO  com.zaxxer.hikari.pool.HikariPool - HikariPool-1 - Added connection com.mysql.cj.jdbc.ConnectionImpl@2fb56fdc
2025-10-08 22:59:22.681 [Thread-5077] INFO  com.zaxxer.hikari.HikariDataSource - HikariPool-1 - Start completed.
2025-10-08 22:59:22.682 [Thread-5077] INFO  Database.DatabaseConnectionManager - Database connection pool initialized successfully
2025-10-08 22:59:22.878 [Thread-5077] INFO  Controllers.loginController - User admin logged in successfully with role: admin
2025-10-08 22:59:22.964 [JavaFX Application Thread] ERROR Controllers.loginController - Failed to load dashboard for role: admin
javafx.fxml.LoadException: 
/D:/7.Java_Workspace/Porsche/target/classes/View/adminDashboard.fxml:22

	at javafx.fxml.FXMLLoader.constructLoadException(FXMLLoader.java:2722)
	at javafx.fxml.FXMLLoader$ValueElement.processAttribute(FXMLLoader.java:946)
	at javafx.fxml.FXMLLoader$InstanceDeclarationElement.processAttribute(FXMLLoader.java:983)
	at javafx.fxml.FXMLLoader$Element.processStartElement(FXMLLoader.java:230)
	at javafx.fxml.FXMLLoader$ValueElement.processStartElement(FXMLLoader.java:757)
	at javafx.fxml.FXMLLoader.processStartElement(FXMLLoader.java:2853)
	at javafx.fxml.FXMLLoader.loadImpl(FXMLLoader.java:2649)
	at javafx.fxml.FXMLLoader.loadImpl(FXMLLoader.java:2563)
	at javafx.fxml.FXMLLoader.loadImpl(FXMLLoader.java:3376)
	at javafx.fxml.FXMLLoader.loadImpl(FXMLLoader.java:3332)
	at javafx.fxml.FXMLLoader.loadImpl(FXMLLoader.java:3300)
	at javafx.fxml.FXMLLoader.loadImpl(FXMLLoader.java:3272)
	at javafx.fxml.FXMLLoader.loadImpl(FXMLLoader.java:3248)
	at javafx.fxml.FXMLLoader.load(FXMLLoader.java:3241)
	at Controllers.loginController.lambda$0(loginController.java:195)
	at com.sun.javafx.event.CompositeEventHandler.dispatchBubblingEvent(CompositeEventHandler.java:86)
	at com.sun.javafx.event.EventHandlerManager.dispatchBubblingEvent(EventHandlerManager.java:232)
	at com.sun.javafx.event.EventHandlerManager.dispatchBubblingEvent(EventHandlerManager.java:189)
	at com.sun.javafx.event.BasicEventDispatcher.dispatchEvent(BasicEventDispatcher.java:58)
	at com.sun.javafx.event.EventDispatchChainImpl.dispatchEvent(EventDispatchChainImpl.java:114)
	at com.sun.javafx.event.EventUtil.fireEventImpl(EventUtil.java:74)
	at com.sun.javafx.event.EventUtil.fireEvent(EventUtil.java:54)
	at javafx.event.Event.fireEvent(Event.java:198)
	at javafx.concurrent.EventHelper.fireEvent(EventHelper.java:219)
	at javafx.concurrent.Task.fireEvent(Task.java:1332)
	at javafx.concurrent.Task.setState(Task.java:725)
	at javafx.concurrent.Task$TaskCallable.lambda$call$1(Task.java:1410)
	at com.sun.javafx.application.PlatformImpl.lambda$runLater$10(PlatformImpl.java:456)
	at java.base/java.security.AccessController.doPrivileged(Unknown Source)
	at com.sun.javafx.application.PlatformImpl.lambda$runLater$11(PlatformImpl.java:455)
	at com.sun.glass.ui.InvokeLaterDispatcher$Future.run(InvokeLaterDispatcher.java:95)
	at com.sun.glass.ui.win.WinApplication._runLoop(Native Method)
	at com.sun.glass.ui.win.WinApplication.lambda$runLoop$3(WinApplication.java:185)
	at java.base/java.lang.Thread.run(Unknown Source)
Caused by: java.lang.reflect.InvocationTargetException: null
	at java.base/jdk.internal.reflect.DirectConstructorHandleAccessor.newInstance(Unknown Source)
	at java.base/java.lang.reflect.Constructor.newInstanceWithCaller(Unknown Source)
	at java.base/java.lang.reflect.Constructor.newInstance(Unknown Source)
	at javafx.fxml.FXMLLoader$ValueElement.processAttribute(FXMLLoader.java:941)
	... 32 common frames omitted
Caused by: java.lang.Error: Unresolved compilation problem: 
	logger cannot be resolved

	at Controllers.adminDashboardController.<init>(adminDashboardController.java:367)
	... 36 common frames omitted
2025-10-08 22:59:43.060 [JavaFX Application Thread] INFO  Utils.ThreadPoolManager - Thread pool manager initialized
2025-10-08 22:59:43.097 [Thread-552] INFO  com.zaxxer.hikari.HikariDataSource - HikariPool-1 - Starting...
2025-10-08 22:59:44.787 [Thread-552] INFO  com.zaxxer.hikari.pool.HikariPool - HikariPool-1 - Added connection com.mysql.cj.jdbc.ConnectionImpl@3d7b78d4
2025-10-08 22:59:44.798 [Thread-552] INFO  com.zaxxer.hikari.HikariDataSource - HikariPool-1 - Start completed.
2025-10-08 22:59:44.799 [Thread-552] INFO  Database.DatabaseConnectionManager - Database connection pool initialized successfully
2025-10-08 22:59:45.017 [Thread-552] INFO  Controllers.loginController - User admin logged in successfully with role: admin
2025-10-08 22:59:45.107 [JavaFX Application Thread] ERROR Controllers.loginController - Failed to load dashboard for role: admin
javafx.fxml.LoadException: 
/D:/7.Java_Workspace/Porsche/target/classes/View/adminDashboard.fxml:22

	at javafx.fxml.FXMLLoader.constructLoadException(FXMLLoader.java:2722)
	at javafx.fxml.FXMLLoader$ValueElement.processAttribute(FXMLLoader.java:946)
	at javafx.fxml.FXMLLoader$InstanceDeclarationElement.processAttribute(FXMLLoader.java:983)
	at javafx.fxml.FXMLLoader$Element.processStartElement(FXMLLoader.java:230)
	at javafx.fxml.FXMLLoader$ValueElement.processStartElement(FXMLLoader.java:757)
	at javafx.fxml.FXMLLoader.processStartElement(FXMLLoader.java:2853)
	at javafx.fxml.FXMLLoader.loadImpl(FXMLLoader.java:2649)
	at javafx.fxml.FXMLLoader.loadImpl(FXMLLoader.java:2563)
	at javafx.fxml.FXMLLoader.loadImpl(FXMLLoader.java:3376)
	at javafx.fxml.FXMLLoader.loadImpl(FXMLLoader.java:3332)
	at javafx.fxml.FXMLLoader.loadImpl(FXMLLoader.java:3300)
	at javafx.fxml.FXMLLoader.loadImpl(FXMLLoader.java:3272)
	at javafx.fxml.FXMLLoader.loadImpl(FXMLLoader.java:3248)
	at javafx.fxml.FXMLLoader.load(FXMLLoader.java:3241)
	at Controllers.loginController.lambda$0(loginController.java:195)
	at com.sun.javafx.event.CompositeEventHandler.dispatchBubblingEvent(CompositeEventHandler.java:86)
	at com.sun.javafx.event.EventHandlerManager.dispatchBubblingEvent(EventHandlerManager.java:232)
	at com.sun.javafx.event.EventHandlerManager.dispatchBubblingEvent(EventHandlerManager.java:189)
	at com.sun.javafx.event.BasicEventDispatcher.dispatchEvent(BasicEventDispatcher.java:58)
	at com.sun.javafx.event.EventDispatchChainImpl.dispatchEvent(EventDispatchChainImpl.java:114)
	at com.sun.javafx.event.EventUtil.fireEventImpl(EventUtil.java:74)
	at com.sun.javafx.event.EventUtil.fireEvent(EventUtil.java:54)
	at javafx.event.Event.fireEvent(Event.java:198)
	at javafx.concurrent.EventHelper.fireEvent(EventHelper.java:219)
	at javafx.concurrent.Task.fireEvent(Task.java:1332)
	at javafx.concurrent.Task.setState(Task.java:725)
	at javafx.concurrent.Task$TaskCallable.lambda$call$1(Task.java:1410)
	at com.sun.javafx.application.PlatformImpl.lambda$runLater$10(PlatformImpl.java:456)
	at java.base/java.security.AccessController.doPrivileged(Unknown Source)
	at com.sun.javafx.application.PlatformImpl.lambda$runLater$11(PlatformImpl.java:455)
	at com.sun.glass.ui.InvokeLaterDispatcher$Future.run(InvokeLaterDispatcher.java:95)
	at com.sun.glass.ui.win.WinApplication._runLoop(Native Method)
	at com.sun.glass.ui.win.WinApplication.lambda$runLoop$3(WinApplication.java:185)
	at java.base/java.lang.Thread.run(Unknown Source)
Caused by: java.lang.reflect.InvocationTargetException: null
	at java.base/jdk.internal.reflect.DirectConstructorHandleAccessor.newInstance(Unknown Source)
	at java.base/java.lang.reflect.Constructor.newInstanceWithCaller(Unknown Source)
	at java.base/java.lang.reflect.Constructor.newInstance(Unknown Source)
	at javafx.fxml.FXMLLoader$ValueElement.processAttribute(FXMLLoader.java:941)
	... 32 common frames omitted
Caused by: java.lang.Error: Unresolved compilation problem: 
	logger cannot be resolved

	at Controllers.adminDashboardController.<init>(adminDashboardController.java:367)
	... 36 common frames omitted
2025-10-08 23:11:40.214 [JavaFX Application Thread] INFO  Utils.ThreadPoolManager - Thread pool manager initialized
2025-10-08 23:11:40.257 [Thread-5077] INFO  com.zaxxer.hikari.HikariDataSource - HikariPool-1 - Starting...
2025-10-08 23:11:41.627 [Thread-5077] INFO  com.zaxxer.hikari.pool.HikariPool - HikariPool-1 - Added connection com.mysql.cj.jdbc.ConnectionImpl@280f41b0
2025-10-08 23:11:41.632 [Thread-5077] INFO  com.zaxxer.hikari.HikariDataSource - HikariPool-1 - Start completed.
2025-10-08 23:11:41.632 [Thread-5077] INFO  Database.DatabaseConnectionManager - Database connection pool initialized successfully
2025-10-08 23:11:41.847 [Thread-5077] INFO  Controllers.loginController - User admin logged in successfully with role: admin
2025-10-08 23:11:46.785 [Thread-5079] DEBUG DAO.AdminAccountDAO - AdminAccountDAO initialized with connection from pool
2025-10-08 23:11:59.322 [Thread-5087] DEBUG DAO.AdminAccountDAO - AdminAccountDAO initialized with connection from pool
2025-10-08 23:12:30.600 [Thread-5077] WARN  Controllers.loginController - Failed login attempt for username: zaw lin
2025-10-08 23:12:33.947 [Thread-5077] INFO  Controllers.loginController - User zaw lin logged in successfully with role: manager
2025-10-08 23:13:49.678 [JavaFX Application Thread] INFO  Utils.LogoutHelper - User 10 logged out successfully
2025-10-08 23:13:54.091 [Thread-20423] INFO  Controllers.loginController - User staff logged in successfully with role: staff
2025-10-08 23:15:34.936 [JavaFX Application Thread] INFO  Utils.ThreadPoolManager - Thread pool manager initialized
2025-10-08 23:15:35.019 [Thread-784] INFO  com.zaxxer.hikari.HikariDataSource - HikariPool-1 - Starting...
2025-10-08 23:15:37.608 [Thread-784] INFO  com.zaxxer.hikari.pool.HikariPool - HikariPool-1 - Added connection com.mysql.cj.jdbc.ConnectionImpl@42c5c804
2025-10-08 23:15:37.614 [Thread-784] INFO  com.zaxxer.hikari.HikariDataSource - HikariPool-1 - Start completed.
2025-10-08 23:15:37.615 [Thread-784] INFO  Database.DatabaseConnectionManager - Database connection pool initialized successfully
2025-10-08 23:15:37.861 [Thread-784] INFO  Controllers.loginController - User admin logged in successfully with role: admin
2025-10-08 23:15:41.117 [Thread-1929] DEBUG DAO.AdminAccountDAO - AdminAccountDAO initialized with connection from pool
2025-10-08 23:22:11.788 [JavaFX Application Thread] INFO  Utils.ThreadPoolManager - Thread pool manager initialized
2025-10-08 23:22:11.827 [Thread-758] INFO  com.zaxxer.hikari.HikariDataSource - HikariPool-1 - Starting...
2025-10-08 23:22:14.049 [Thread-758] INFO  com.zaxxer.hikari.pool.HikariPool - HikariPool-1 - Added connection com.mysql.cj.jdbc.ConnectionImpl@f73f9e7
2025-10-08 23:22:14.062 [Thread-758] INFO  com.zaxxer.hikari.HikariDataSource - HikariPool-1 - Start completed.
2025-10-08 23:22:14.065 [Thread-758] INFO  Database.DatabaseConnectionManager - Database connection pool initialized successfully
2025-10-08 23:22:14.273 [Thread-758] INFO  Controllers.loginController - User admin logged in successfully with role: admin
2025-10-08 23:22:22.056 [Thread-2620] DEBUG DAO.AdminAccountDAO - AdminAccountDAO initialized with connection from pool
2025-10-08 23:30:12.913 [JavaFX Application Thread] INFO  Utils.ThreadPoolManager - Thread pool manager initialized
2025-10-08 23:30:12.956 [Thread-3200] INFO  com.zaxxer.hikari.HikariDataSource - HikariPool-1 - Starting...
2025-10-08 23:30:14.810 [Thread-3200] INFO  com.zaxxer.hikari.pool.HikariPool - HikariPool-1 - Added connection com.mysql.cj.jdbc.ConnectionImpl@222d3ffa
2025-10-08 23:30:14.816 [Thread-3200] INFO  com.zaxxer.hikari.HikariDataSource - HikariPool-1 - Start completed.
2025-10-08 23:30:14.816 [Thread-3200] INFO  Database.DatabaseConnectionManager - Database connection pool initialized successfully
2025-10-08 23:30:15.053 [Thread-3200] INFO  Controllers.loginController - User admin logged in successfully with role: admin
2025-10-08 23:30:18.929 [Thread-4250] DEBUG DAO.AdminAccountDAO - AdminAccountDAO initialized with connection from pool
2025-10-08 23:32:37.307 [JavaFX Application Thread] INFO  Utils.ThreadPoolManager - Thread pool manager initialized
2025-10-08 23:32:37.457 [Thread-5077] INFO  com.zaxxer.hikari.HikariDataSource - HikariPool-1 - Starting...
2025-10-08 23:32:39.605 [Thread-5077] INFO  com.zaxxer.hikari.pool.HikariPool - HikariPool-1 - Added connection com.mysql.cj.jdbc.ConnectionImpl@a047857
2025-10-08 23:32:39.613 [Thread-5077] INFO  com.zaxxer.hikari.HikariDataSource - HikariPool-1 - Start completed.
2025-10-08 23:32:39.617 [Thread-5077] INFO  Database.DatabaseConnectionManager - Database connection pool initialized successfully
2025-10-08 23:32:39.855 [Thread-5077] INFO  Controllers.loginController - User admin logged in successfully with role: admin
2025-10-08 23:32:42.910 [Thread-5079] DEBUG DAO.AdminAccountDAO - AdminAccountDAO initialized with connection from pool
2025-10-08 23:36:44.702 [JavaFX Application Thread] INFO  Utils.ThreadPoolManager - Thread pool manager initialized
2025-10-08 23:36:44.725 [Thread-721] INFO  com.zaxxer.hikari.HikariDataSource - HikariPool-1 - Starting...
2025-10-08 23:36:46.501 [Thread-721] INFO  com.zaxxer.hikari.pool.HikariPool - HikariPool-1 - Added connection com.mysql.cj.jdbc.ConnectionImpl@4d25b928
2025-10-08 23:36:46.509 [Thread-721] INFO  com.zaxxer.hikari.HikariDataSource - HikariPool-1 - Start completed.
2025-10-08 23:36:46.512 [Thread-721] INFO  Database.DatabaseConnectionManager - Database connection pool initialized successfully
2025-10-08 23:36:46.733 [Thread-721] INFO  Controllers.loginController - User admin logged in successfully with role: admin
2025-10-08 23:36:49.263 [Thread-1570] DEBUG DAO.AdminAccountDAO - AdminAccountDAO initialized with connection from pool
2025-10-08 23:36:50.599 [JavaFX Application Thread] ERROR Controllers.adminAccountController - Failed to load targets
java.sql.SQLSyntaxErrorException: Table 'car_show_room.target' doesn't exist
	at com.mysql.cj.jdbc.exceptions.SQLError.createSQLException(SQLError.java:112)
	at com.mysql.cj.jdbc.exceptions.SQLExceptionsMapping.translateException(SQLExceptionsMapping.java:113)
	at com.mysql.cj.jdbc.ClientPreparedStatement.executeInternal(ClientPreparedStatement.java:938)
	at com.mysql.cj.jdbc.ClientPreparedStatement.executeQuery(ClientPreparedStatement.java:1004)
	at com.zaxxer.hikari.pool.ProxyPreparedStatement.executeQuery(ProxyPreparedStatement.java:52)
	at com.zaxxer.hikari.pool.HikariProxyPreparedStatement.executeQuery(HikariProxyPreparedStatement.java)
	at DAO.AdminAccountDAO.getTargetData(AdminAccountDAO.java:139)
	at Controllers.adminAccountController$3.call(adminAccountController.java:197)
	at Controllers.adminAccountController$3.call(adminAccountController.java:1)
	at javafx.concurrent.Task$TaskCallable.call(Task.java:1399)
	at java.base/java.util.concurrent.FutureTask.run(Unknown Source)
	at java.base/java.util.concurrent.ThreadPoolExecutor.runWorker(Unknown Source)
	at java.base/java.util.concurrent.ThreadPoolExecutor$Worker.run(Unknown Source)
	at java.base/java.lang.Thread.run(Unknown Source)
2025-10-08 23:36:50.606 [JavaFX Application Thread] ERROR Controllers.adminAccountController - Failed to load attendance
java.sql.SQLSyntaxErrorException: Table 'car_show_room.attendance' doesn't exist
	at com.mysql.cj.jdbc.exceptions.SQLError.createSQLException(SQLError.java:112)
	at com.mysql.cj.jdbc.exceptions.SQLExceptionsMapping.translateException(SQLExceptionsMapping.java:113)
	at com.mysql.cj.jdbc.ClientPreparedStatement.executeInternal(ClientPreparedStatement.java:938)
	at com.mysql.cj.jdbc.ClientPreparedStatement.executeQuery(ClientPreparedStatement.java:1004)
	at com.zaxxer.hikari.pool.ProxyPreparedStatement.executeQuery(ProxyPreparedStatement.java:52)
	at com.zaxxer.hikari.pool.HikariProxyPreparedStatement.executeQuery(HikariProxyPreparedStatement.java)
	at DAO.AdminAccountDAO.getMonthlyAttendance(AdminAccountDAO.java:101)
	at Controllers.adminAccountController$2.call(adminAccountController.java:163)
	at Controllers.adminAccountController$2.call(adminAccountController.java:1)
	at javafx.concurrent.Task$TaskCallable.call(Task.java:1399)
	at java.base/java.util.concurrent.FutureTask.run(Unknown Source)
	at java.base/java.util.concurrent.ThreadPoolExecutor.runWorker(Unknown Source)
	at java.base/java.util.concurrent.ThreadPoolExecutor$Worker.run(Unknown Source)
	at java.base/java.lang.Thread.run(Unknown Source)
2025-10-08 23:36:52.311 [JavaFX Application Thread] ERROR Controllers.adminAccountController - Failed to load attendance
java.sql.SQLSyntaxErrorException: Table 'car_show_room.attendance' doesn't exist
	at com.mysql.cj.jdbc.exceptions.SQLError.createSQLException(SQLError.java:112)
	at com.mysql.cj.jdbc.exceptions.SQLExceptionsMapping.translateException(SQLExceptionsMapping.java:113)
	at com.mysql.cj.jdbc.ClientPreparedStatement.executeInternal(ClientPreparedStatement.java:938)
	at com.mysql.cj.jdbc.ClientPreparedStatement.executeQuery(ClientPreparedStatement.java:1004)
	at com.zaxxer.hikari.pool.ProxyPreparedStatement.executeQuery(ProxyPreparedStatement.java:52)
	at com.zaxxer.hikari.pool.HikariProxyPreparedStatement.executeQuery(HikariProxyPreparedStatement.java)
	at DAO.AdminAccountDAO.getMonthlyAttendance(AdminAccountDAO.java:101)
	at Controllers.adminAccountController$2.call(adminAccountController.java:163)
	at Controllers.adminAccountController$2.call(adminAccountController.java:1)
	at javafx.concurrent.Task$TaskCallable.call(Task.java:1399)
	at java.base/java.util.concurrent.FutureTask.run(Unknown Source)
	at java.base/java.util.concurrent.ThreadPoolExecutor.runWorker(Unknown Source)
	at java.base/java.util.concurrent.ThreadPoolExecutor$Worker.run(Unknown Source)
	at java.base/java.lang.Thread.run(Unknown Source)
2025-10-08 23:36:52.314 [JavaFX Application Thread] ERROR Controllers.adminAccountController - Failed to load targets
java.sql.SQLSyntaxErrorException: Table 'car_show_room.target' doesn't exist
	at com.mysql.cj.jdbc.exceptions.SQLError.createSQLException(SQLError.java:112)
	at com.mysql.cj.jdbc.exceptions.SQLExceptionsMapping.translateException(SQLExceptionsMapping.java:113)
	at com.mysql.cj.jdbc.ClientPreparedStatement.executeInternal(ClientPreparedStatement.java:938)
	at com.mysql.cj.jdbc.ClientPreparedStatement.executeQuery(ClientPreparedStatement.java:1004)
	at com.zaxxer.hikari.pool.ProxyPreparedStatement.executeQuery(ProxyPreparedStatement.java:52)
	at com.zaxxer.hikari.pool.HikariProxyPreparedStatement.executeQuery(HikariProxyPreparedStatement.java)
	at DAO.AdminAccountDAO.getTargetData(AdminAccountDAO.java:139)
	at Controllers.adminAccountController$3.call(adminAccountController.java:197)
	at Controllers.adminAccountController$3.call(adminAccountController.java:1)
	at javafx.concurrent.Task$TaskCallable.call(Task.java:1399)
	at java.base/java.util.concurrent.FutureTask.run(Unknown Source)
	at java.base/java.util.concurrent.ThreadPoolExecutor.runWorker(Unknown Source)
	at java.base/java.util.concurrent.ThreadPoolExecutor$Worker.run(Unknown Source)
	at java.base/java.lang.Thread.run(Unknown Source)
2025-10-08 23:36:55.323 [JavaFX Application Thread] ERROR Controllers.adminAccountController - Failed to load targets
java.sql.SQLSyntaxErrorException: Table 'car_show_room.target' doesn't exist
	at com.mysql.cj.jdbc.exceptions.SQLError.createSQLException(SQLError.java:112)
	at com.mysql.cj.jdbc.exceptions.SQLExceptionsMapping.translateException(SQLExceptionsMapping.java:113)
	at com.mysql.cj.jdbc.ClientPreparedStatement.executeInternal(ClientPreparedStatement.java:938)
	at com.mysql.cj.jdbc.ClientPreparedStatement.executeQuery(ClientPreparedStatement.java:1004)
	at com.zaxxer.hikari.pool.ProxyPreparedStatement.executeQuery(ProxyPreparedStatement.java:52)
	at com.zaxxer.hikari.pool.HikariProxyPreparedStatement.executeQuery(HikariProxyPreparedStatement.java)
	at DAO.AdminAccountDAO.getTargetData(AdminAccountDAO.java:139)
	at Controllers.adminAccountController$3.call(adminAccountController.java:197)
	at Controllers.adminAccountController$3.call(adminAccountController.java:1)
	at javafx.concurrent.Task$TaskCallable.call(Task.java:1399)
	at java.base/java.util.concurrent.FutureTask.run(Unknown Source)
	at java.base/java.util.concurrent.ThreadPoolExecutor.runWorker(Unknown Source)
	at java.base/java.util.concurrent.ThreadPoolExecutor$Worker.run(Unknown Source)
	at java.base/java.lang.Thread.run(Unknown Source)
2025-10-08 23:36:55.381 [JavaFX Application Thread] ERROR Controllers.adminAccountController - Failed to load attendance
java.sql.SQLSyntaxErrorException: Table 'car_show_room.attendance' doesn't exist
	at com.mysql.cj.jdbc.exceptions.SQLError.createSQLException(SQLError.java:112)
	at com.mysql.cj.jdbc.exceptions.SQLExceptionsMapping.translateException(SQLExceptionsMapping.java:113)
	at com.mysql.cj.jdbc.ClientPreparedStatement.executeInternal(ClientPreparedStatement.java:938)
	at com.mysql.cj.jdbc.ClientPreparedStatement.executeQuery(ClientPreparedStatement.java:1004)
	at com.zaxxer.hikari.pool.ProxyPreparedStatement.executeQuery(ProxyPreparedStatement.java:52)
	at com.zaxxer.hikari.pool.HikariProxyPreparedStatement.executeQuery(HikariProxyPreparedStatement.java)
	at DAO.AdminAccountDAO.getMonthlyAttendance(AdminAccountDAO.java:101)
	at Controllers.adminAccountController$2.call(adminAccountController.java:163)
	at Controllers.adminAccountController$2.call(adminAccountController.java:1)
	at javafx.concurrent.Task$TaskCallable.call(Task.java:1399)
	at java.base/java.util.concurrent.FutureTask.run(Unknown Source)
	at java.base/java.util.concurrent.ThreadPoolExecutor.runWorker(Unknown Source)
	at java.base/java.util.concurrent.ThreadPoolExecutor$Worker.run(Unknown Source)
	at java.base/java.lang.Thread.run(Unknown Source)
2025-10-08 23:36:57.305 [JavaFX Application Thread] ERROR Controllers.adminAccountController - Failed to load targets
java.sql.SQLSyntaxErrorException: Table 'car_show_room.target' doesn't exist
	at com.mysql.cj.jdbc.exceptions.SQLError.createSQLException(SQLError.java:112)
	at com.mysql.cj.jdbc.exceptions.SQLExceptionsMapping.translateException(SQLExceptionsMapping.java:113)
	at com.mysql.cj.jdbc.ClientPreparedStatement.executeInternal(ClientPreparedStatement.java:938)
	at com.mysql.cj.jdbc.ClientPreparedStatement.executeQuery(ClientPreparedStatement.java:1004)
	at com.zaxxer.hikari.pool.ProxyPreparedStatement.executeQuery(ProxyPreparedStatement.java:52)
	at com.zaxxer.hikari.pool.HikariProxyPreparedStatement.executeQuery(HikariProxyPreparedStatement.java)
	at DAO.AdminAccountDAO.getTargetData(AdminAccountDAO.java:139)
	at Controllers.adminAccountController$3.call(adminAccountController.java:197)
	at Controllers.adminAccountController$3.call(adminAccountController.java:1)
	at javafx.concurrent.Task$TaskCallable.call(Task.java:1399)
	at java.base/java.util.concurrent.FutureTask.run(Unknown Source)
	at java.base/java.util.concurrent.ThreadPoolExecutor.runWorker(Unknown Source)
	at java.base/java.util.concurrent.ThreadPoolExecutor$Worker.run(Unknown Source)
	at java.base/java.lang.Thread.run(Unknown Source)
2025-10-08 23:36:57.366 [JavaFX Application Thread] ERROR Controllers.adminAccountController - Failed to load attendance
java.sql.SQLSyntaxErrorException: Table 'car_show_room.attendance' doesn't exist
	at com.mysql.cj.jdbc.exceptions.SQLError.createSQLException(SQLError.java:112)
	at com.mysql.cj.jdbc.exceptions.SQLExceptionsMapping.translateException(SQLExceptionsMapping.java:113)
	at com.mysql.cj.jdbc.ClientPreparedStatement.executeInternal(ClientPreparedStatement.java:938)
	at com.mysql.cj.jdbc.ClientPreparedStatement.executeQuery(ClientPreparedStatement.java:1004)
	at com.zaxxer.hikari.pool.ProxyPreparedStatement.executeQuery(ProxyPreparedStatement.java:52)
	at com.zaxxer.hikari.pool.HikariProxyPreparedStatement.executeQuery(HikariProxyPreparedStatement.java)
	at DAO.AdminAccountDAO.getMonthlyAttendance(AdminAccountDAO.java:101)
	at Controllers.adminAccountController$2.call(adminAccountController.java:163)
	at Controllers.adminAccountController$2.call(adminAccountController.java:1)
	at javafx.concurrent.Task$TaskCallable.call(Task.java:1399)
	at java.base/java.util.concurrent.FutureTask.run(Unknown Source)
	at java.base/java.util.concurrent.ThreadPoolExecutor.runWorker(Unknown Source)
	at java.base/java.util.concurrent.ThreadPoolExecutor$Worker.run(Unknown Source)
	at java.base/java.lang.Thread.run(Unknown Source)
2025-10-08 23:37:00.094 [JavaFX Application Thread] ERROR Controllers.adminAccountController - Failed to load attendance
java.sql.SQLSyntaxErrorException: Table 'car_show_room.attendance' doesn't exist
	at com.mysql.cj.jdbc.exceptions.SQLError.createSQLException(SQLError.java:112)
	at com.mysql.cj.jdbc.exceptions.SQLExceptionsMapping.translateException(SQLExceptionsMapping.java:113)
	at com.mysql.cj.jdbc.ClientPreparedStatement.executeInternal(ClientPreparedStatement.java:938)
	at com.mysql.cj.jdbc.ClientPreparedStatement.executeQuery(ClientPreparedStatement.java:1004)
	at com.zaxxer.hikari.pool.ProxyPreparedStatement.executeQuery(ProxyPreparedStatement.java:52)
	at com.zaxxer.hikari.pool.HikariProxyPreparedStatement.executeQuery(HikariProxyPreparedStatement.java)
	at DAO.AdminAccountDAO.getMonthlyAttendance(AdminAccountDAO.java:101)
	at Controllers.adminAccountController$2.call(adminAccountController.java:163)
	at Controllers.adminAccountController$2.call(adminAccountController.java:1)
	at javafx.concurrent.Task$TaskCallable.call(Task.java:1399)
	at java.base/java.util.concurrent.FutureTask.run(Unknown Source)
	at java.base/java.util.concurrent.ThreadPoolExecutor.runWorker(Unknown Source)
	at java.base/java.util.concurrent.ThreadPoolExecutor$Worker.run(Unknown Source)
	at java.base/java.lang.Thread.run(Unknown Source)
2025-10-08 23:37:00.096 [JavaFX Application Thread] ERROR Controllers.adminAccountController - Failed to load targets
java.sql.SQLSyntaxErrorException: Table 'car_show_room.target' doesn't exist
	at com.mysql.cj.jdbc.exceptions.SQLError.createSQLException(SQLError.java:112)
	at com.mysql.cj.jdbc.exceptions.SQLExceptionsMapping.translateException(SQLExceptionsMapping.java:113)
	at com.mysql.cj.jdbc.ClientPreparedStatement.executeInternal(ClientPreparedStatement.java:938)
	at com.mysql.cj.jdbc.ClientPreparedStatement.executeQuery(ClientPreparedStatement.java:1004)
	at com.zaxxer.hikari.pool.ProxyPreparedStatement.executeQuery(ProxyPreparedStatement.java:52)
	at com.zaxxer.hikari.pool.HikariProxyPreparedStatement.executeQuery(HikariProxyPreparedStatement.java)
	at DAO.AdminAccountDAO.getTargetData(AdminAccountDAO.java:139)
	at Controllers.adminAccountController$3.call(adminAccountController.java:197)
	at Controllers.adminAccountController$3.call(adminAccountController.java:1)
	at javafx.concurrent.Task$TaskCallable.call(Task.java:1399)
	at java.base/java.util.concurrent.FutureTask.run(Unknown Source)
	at java.base/java.util.concurrent.ThreadPoolExecutor.runWorker(Unknown Source)
	at java.base/java.util.concurrent.ThreadPoolExecutor$Worker.run(Unknown Source)
	at java.base/java.lang.Thread.run(Unknown Source)
2025-10-08 23:37:00.934 [JavaFX Application Thread] ERROR Controllers.adminAccountController - Failed to load attendance
java.sql.SQLSyntaxErrorException: Table 'car_show_room.attendance' doesn't exist
	at com.mysql.cj.jdbc.exceptions.SQLError.createSQLException(SQLError.java:112)
	at com.mysql.cj.jdbc.exceptions.SQLExceptionsMapping.translateException(SQLExceptionsMapping.java:113)
	at com.mysql.cj.jdbc.ClientPreparedStatement.executeInternal(ClientPreparedStatement.java:938)
	at com.mysql.cj.jdbc.ClientPreparedStatement.executeQuery(ClientPreparedStatement.java:1004)
	at com.zaxxer.hikari.pool.ProxyPreparedStatement.executeQuery(ProxyPreparedStatement.java:52)
	at com.zaxxer.hikari.pool.HikariProxyPreparedStatement.executeQuery(HikariProxyPreparedStatement.java)
	at DAO.AdminAccountDAO.getMonthlyAttendance(AdminAccountDAO.java:101)
	at Controllers.adminAccountController$2.call(adminAccountController.java:163)
	at Controllers.adminAccountController$2.call(adminAccountController.java:1)
	at javafx.concurrent.Task$TaskCallable.call(Task.java:1399)
	at java.base/java.util.concurrent.FutureTask.run(Unknown Source)
	at java.base/java.util.concurrent.ThreadPoolExecutor.runWorker(Unknown Source)
	at java.base/java.util.concurrent.ThreadPoolExecutor$Worker.run(Unknown Source)
	at java.base/java.lang.Thread.run(Unknown Source)
2025-10-08 23:37:01.143 [JavaFX Application Thread] ERROR Controllers.adminAccountController - Failed to load targets
java.sql.SQLSyntaxErrorException: Table 'car_show_room.target' doesn't exist
	at com.mysql.cj.jdbc.exceptions.SQLError.createSQLException(SQLError.java:112)
	at com.mysql.cj.jdbc.exceptions.SQLExceptionsMapping.translateException(SQLExceptionsMapping.java:113)
	at com.mysql.cj.jdbc.ClientPreparedStatement.executeInternal(ClientPreparedStatement.java:938)
	at com.mysql.cj.jdbc.ClientPreparedStatement.executeQuery(ClientPreparedStatement.java:1004)
	at com.zaxxer.hikari.pool.ProxyPreparedStatement.executeQuery(ProxyPreparedStatement.java:52)
	at com.zaxxer.hikari.pool.HikariProxyPreparedStatement.executeQuery(HikariProxyPreparedStatement.java)
	at DAO.AdminAccountDAO.getTargetData(AdminAccountDAO.java:139)
	at Controllers.adminAccountController$3.call(adminAccountController.java:197)
	at Controllers.adminAccountController$3.call(adminAccountController.java:1)
	at javafx.concurrent.Task$TaskCallable.call(Task.java:1399)
	at java.base/java.util.concurrent.FutureTask.run(Unknown Source)
	at java.base/java.util.concurrent.ThreadPoolExecutor.runWorker(Unknown Source)
	at java.base/java.util.concurrent.ThreadPoolExecutor$Worker.run(Unknown Source)
	at java.base/java.lang.Thread.run(Unknown Source)
2025-10-08 23:37:01.445 [JavaFX Application Thread] ERROR Controllers.adminAccountController - Failed to load attendance
java.sql.SQLSyntaxErrorException: Table 'car_show_room.attendance' doesn't exist
	at com.mysql.cj.jdbc.exceptions.SQLError.createSQLException(SQLError.java:112)
	at com.mysql.cj.jdbc.exceptions.SQLExceptionsMapping.translateException(SQLExceptionsMapping.java:113)
	at com.mysql.cj.jdbc.ClientPreparedStatement.executeInternal(ClientPreparedStatement.java:938)
	at com.mysql.cj.jdbc.ClientPreparedStatement.executeQuery(ClientPreparedStatement.java:1004)
	at com.zaxxer.hikari.pool.ProxyPreparedStatement.executeQuery(ProxyPreparedStatement.java:52)
	at com.zaxxer.hikari.pool.HikariProxyPreparedStatement.executeQuery(HikariProxyPreparedStatement.java)
	at DAO.AdminAccountDAO.getMonthlyAttendance(AdminAccountDAO.java:101)
	at Controllers.adminAccountController$2.call(adminAccountController.java:163)
	at Controllers.adminAccountController$2.call(adminAccountController.java:1)
	at javafx.concurrent.Task$TaskCallable.call(Task.java:1399)
	at java.base/java.util.concurrent.FutureTask.run(Unknown Source)
	at java.base/java.util.concurrent.ThreadPoolExecutor.runWorker(Unknown Source)
	at java.base/java.util.concurrent.ThreadPoolExecutor$Worker.run(Unknown Source)
	at java.base/java.lang.Thread.run(Unknown Source)
2025-10-08 23:37:01.509 [JavaFX Application Thread] ERROR Controllers.adminAccountController - Failed to load targets
java.sql.SQLSyntaxErrorException: Table 'car_show_room.target' doesn't exist
	at com.mysql.cj.jdbc.exceptions.SQLError.createSQLException(SQLError.java:112)
	at com.mysql.cj.jdbc.exceptions.SQLExceptionsMapping.translateException(SQLExceptionsMapping.java:113)
	at com.mysql.cj.jdbc.ClientPreparedStatement.executeInternal(ClientPreparedStatement.java:938)
	at com.mysql.cj.jdbc.ClientPreparedStatement.executeQuery(ClientPreparedStatement.java:1004)
	at com.zaxxer.hikari.pool.ProxyPreparedStatement.executeQuery(ProxyPreparedStatement.java:52)
	at com.zaxxer.hikari.pool.HikariProxyPreparedStatement.executeQuery(HikariProxyPreparedStatement.java)
	at DAO.AdminAccountDAO.getTargetData(AdminAccountDAO.java:139)
	at Controllers.adminAccountController$3.call(adminAccountController.java:197)
	at Controllers.adminAccountController$3.call(adminAccountController.java:1)
	at javafx.concurrent.Task$TaskCallable.call(Task.java:1399)
	at java.base/java.util.concurrent.FutureTask.run(Unknown Source)
	at java.base/java.util.concurrent.ThreadPoolExecutor.runWorker(Unknown Source)
	at java.base/java.util.concurrent.ThreadPoolExecutor$Worker.run(Unknown Source)
	at java.base/java.lang.Thread.run(Unknown Source)
2025-10-08 23:37:02.745 [JavaFX Application Thread] ERROR Controllers.adminAccountController - Failed to load targets
java.sql.SQLSyntaxErrorException: Table 'car_show_room.target' doesn't exist
	at com.mysql.cj.jdbc.exceptions.SQLError.createSQLException(SQLError.java:112)
	at com.mysql.cj.jdbc.exceptions.SQLExceptionsMapping.translateException(SQLExceptionsMapping.java:113)
	at com.mysql.cj.jdbc.ClientPreparedStatement.executeInternal(ClientPreparedStatement.java:938)
	at com.mysql.cj.jdbc.ClientPreparedStatement.executeQuery(ClientPreparedStatement.java:1004)
	at com.zaxxer.hikari.pool.ProxyPreparedStatement.executeQuery(ProxyPreparedStatement.java:52)
	at com.zaxxer.hikari.pool.HikariProxyPreparedStatement.executeQuery(HikariProxyPreparedStatement.java)
	at DAO.AdminAccountDAO.getTargetData(AdminAccountDAO.java:139)
	at Controllers.adminAccountController$3.call(adminAccountController.java:197)
	at Controllers.adminAccountController$3.call(adminAccountController.java:1)
	at javafx.concurrent.Task$TaskCallable.call(Task.java:1399)
	at java.base/java.util.concurrent.FutureTask.run(Unknown Source)
	at java.base/java.util.concurrent.ThreadPoolExecutor.runWorker(Unknown Source)
	at java.base/java.util.concurrent.ThreadPoolExecutor$Worker.run(Unknown Source)
	at java.base/java.lang.Thread.run(Unknown Source)
2025-10-08 23:37:02.746 [JavaFX Application Thread] ERROR Controllers.adminAccountController - Failed to load attendance
java.sql.SQLSyntaxErrorException: Table 'car_show_room.attendance' doesn't exist
	at com.mysql.cj.jdbc.exceptions.SQLError.createSQLException(SQLError.java:112)
	at com.mysql.cj.jdbc.exceptions.SQLExceptionsMapping.translateException(SQLExceptionsMapping.java:113)
	at com.mysql.cj.jdbc.ClientPreparedStatement.executeInternal(ClientPreparedStatement.java:938)
	at com.mysql.cj.jdbc.ClientPreparedStatement.executeQuery(ClientPreparedStatement.java:1004)
	at com.zaxxer.hikari.pool.ProxyPreparedStatement.executeQuery(ProxyPreparedStatement.java:52)
	at com.zaxxer.hikari.pool.HikariProxyPreparedStatement.executeQuery(HikariProxyPreparedStatement.java)
	at DAO.AdminAccountDAO.getMonthlyAttendance(AdminAccountDAO.java:101)
	at Controllers.adminAccountController$2.call(adminAccountController.java:163)
	at Controllers.adminAccountController$2.call(adminAccountController.java:1)
	at javafx.concurrent.Task$TaskCallable.call(Task.java:1399)
	at java.base/java.util.concurrent.FutureTask.run(Unknown Source)
	at java.base/java.util.concurrent.ThreadPoolExecutor.runWorker(Unknown Source)
	at java.base/java.util.concurrent.ThreadPoolExecutor$Worker.run(Unknown Source)
	at java.base/java.lang.Thread.run(Unknown Source)
2025-10-08 23:37:03.980 [JavaFX Application Thread] ERROR Controllers.adminAccountController - Failed to load targets
java.sql.SQLSyntaxErrorException: Table 'car_show_room.target' doesn't exist
	at com.mysql.cj.jdbc.exceptions.SQLError.createSQLException(SQLError.java:112)
	at com.mysql.cj.jdbc.exceptions.SQLExceptionsMapping.translateException(SQLExceptionsMapping.java:113)
	at com.mysql.cj.jdbc.ClientPreparedStatement.executeInternal(ClientPreparedStatement.java:938)
	at com.mysql.cj.jdbc.ClientPreparedStatement.executeQuery(ClientPreparedStatement.java:1004)
	at com.zaxxer.hikari.pool.ProxyPreparedStatement.executeQuery(ProxyPreparedStatement.java:52)
	at com.zaxxer.hikari.pool.HikariProxyPreparedStatement.executeQuery(HikariProxyPreparedStatement.java)
	at DAO.AdminAccountDAO.getTargetData(AdminAccountDAO.java:139)
	at Controllers.adminAccountController$3.call(adminAccountController.java:197)
	at Controllers.adminAccountController$3.call(adminAccountController.java:1)
	at javafx.concurrent.Task$TaskCallable.call(Task.java:1399)
	at java.base/java.util.concurrent.FutureTask.run(Unknown Source)
	at java.base/java.util.concurrent.ThreadPoolExecutor.runWorker(Unknown Source)
	at java.base/java.util.concurrent.ThreadPoolExecutor$Worker.run(Unknown Source)
	at java.base/java.lang.Thread.run(Unknown Source)
2025-10-08 23:37:04.042 [JavaFX Application Thread] ERROR Controllers.adminAccountController - Failed to load attendance
java.sql.SQLSyntaxErrorException: Table 'car_show_room.attendance' doesn't exist
	at com.mysql.cj.jdbc.exceptions.SQLError.createSQLException(SQLError.java:112)
	at com.mysql.cj.jdbc.exceptions.SQLExceptionsMapping.translateException(SQLExceptionsMapping.java:113)
	at com.mysql.cj.jdbc.ClientPreparedStatement.executeInternal(ClientPreparedStatement.java:938)
	at com.mysql.cj.jdbc.ClientPreparedStatement.executeQuery(ClientPreparedStatement.java:1004)
	at com.zaxxer.hikari.pool.ProxyPreparedStatement.executeQuery(ProxyPreparedStatement.java:52)
	at com.zaxxer.hikari.pool.HikariProxyPreparedStatement.executeQuery(HikariProxyPreparedStatement.java)
	at DAO.AdminAccountDAO.getMonthlyAttendance(AdminAccountDAO.java:101)
	at Controllers.adminAccountController$2.call(adminAccountController.java:163)
	at Controllers.adminAccountController$2.call(adminAccountController.java:1)
	at javafx.concurrent.Task$TaskCallable.call(Task.java:1399)
	at java.base/java.util.concurrent.FutureTask.run(Unknown Source)
	at java.base/java.util.concurrent.ThreadPoolExecutor.runWorker(Unknown Source)
	at java.base/java.util.concurrent.ThreadPoolExecutor$Worker.run(Unknown Source)
	at java.base/java.lang.Thread.run(Unknown Source)
2025-10-08 23:37:04.701 [JavaFX Application Thread] ERROR Controllers.adminAccountController - Failed to load attendance
java.sql.SQLSyntaxErrorException: Table 'car_show_room.attendance' doesn't exist
	at com.mysql.cj.jdbc.exceptions.SQLError.createSQLException(SQLError.java:112)
	at com.mysql.cj.jdbc.exceptions.SQLExceptionsMapping.translateException(SQLExceptionsMapping.java:113)
	at com.mysql.cj.jdbc.ClientPreparedStatement.executeInternal(ClientPreparedStatement.java:938)
	at com.mysql.cj.jdbc.ClientPreparedStatement.executeQuery(ClientPreparedStatement.java:1004)
	at com.zaxxer.hikari.pool.ProxyPreparedStatement.executeQuery(ProxyPreparedStatement.java:52)
	at com.zaxxer.hikari.pool.HikariProxyPreparedStatement.executeQuery(HikariProxyPreparedStatement.java)
	at DAO.AdminAccountDAO.getMonthlyAttendance(AdminAccountDAO.java:101)
	at Controllers.adminAccountController$2.call(adminAccountController.java:163)
	at Controllers.adminAccountController$2.call(adminAccountController.java:1)
	at javafx.concurrent.Task$TaskCallable.call(Task.java:1399)
	at java.base/java.util.concurrent.FutureTask.run(Unknown Source)
	at java.base/java.util.concurrent.ThreadPoolExecutor.runWorker(Unknown Source)
	at java.base/java.util.concurrent.ThreadPoolExecutor$Worker.run(Unknown Source)
	at java.base/java.lang.Thread.run(Unknown Source)
2025-10-08 23:37:04.777 [JavaFX Application Thread] ERROR Controllers.adminAccountController - Failed to load targets
java.sql.SQLSyntaxErrorException: Table 'car_show_room.target' doesn't exist
	at com.mysql.cj.jdbc.exceptions.SQLError.createSQLException(SQLError.java:112)
	at com.mysql.cj.jdbc.exceptions.SQLExceptionsMapping.translateException(SQLExceptionsMapping.java:113)
	at com.mysql.cj.jdbc.ClientPreparedStatement.executeInternal(ClientPreparedStatement.java:938)
	at com.mysql.cj.jdbc.ClientPreparedStatement.executeQuery(ClientPreparedStatement.java:1004)
	at com.zaxxer.hikari.pool.ProxyPreparedStatement.executeQuery(ProxyPreparedStatement.java:52)
	at com.zaxxer.hikari.pool.HikariProxyPreparedStatement.executeQuery(HikariProxyPreparedStatement.java)
	at DAO.AdminAccountDAO.getTargetData(AdminAccountDAO.java:139)
	at Controllers.adminAccountController$3.call(adminAccountController.java:197)
	at Controllers.adminAccountController$3.call(adminAccountController.java:1)
	at javafx.concurrent.Task$TaskCallable.call(Task.java:1399)
	at java.base/java.util.concurrent.FutureTask.run(Unknown Source)
	at java.base/java.util.concurrent.ThreadPoolExecutor.runWorker(Unknown Source)
	at java.base/java.util.concurrent.ThreadPoolExecutor$Worker.run(Unknown Source)
	at java.base/java.lang.Thread.run(Unknown Source)
2025-10-08 23:37:05.431 [JavaFX Application Thread] ERROR Controllers.adminAccountController - Failed to load targets
java.sql.SQLSyntaxErrorException: Table 'car_show_room.target' doesn't exist
	at com.mysql.cj.jdbc.exceptions.SQLError.createSQLException(SQLError.java:112)
	at com.mysql.cj.jdbc.exceptions.SQLExceptionsMapping.translateException(SQLExceptionsMapping.java:113)
	at com.mysql.cj.jdbc.ClientPreparedStatement.executeInternal(ClientPreparedStatement.java:938)
	at com.mysql.cj.jdbc.ClientPreparedStatement.executeQuery(ClientPreparedStatement.java:1004)
	at com.zaxxer.hikari.pool.ProxyPreparedStatement.executeQuery(ProxyPreparedStatement.java:52)
	at com.zaxxer.hikari.pool.HikariProxyPreparedStatement.executeQuery(HikariProxyPreparedStatement.java)
	at DAO.AdminAccountDAO.getTargetData(AdminAccountDAO.java:139)
	at Controllers.adminAccountController$3.call(adminAccountController.java:197)
	at Controllers.adminAccountController$3.call(adminAccountController.java:1)
	at javafx.concurrent.Task$TaskCallable.call(Task.java:1399)
	at java.base/java.util.concurrent.FutureTask.run(Unknown Source)
	at java.base/java.util.concurrent.ThreadPoolExecutor.runWorker(Unknown Source)
	at java.base/java.util.concurrent.ThreadPoolExecutor$Worker.run(Unknown Source)
	at java.base/java.lang.Thread.run(Unknown Source)
2025-10-08 23:37:05.580 [JavaFX Application Thread] ERROR Controllers.adminAccountController - Failed to load attendance
java.sql.SQLSyntaxErrorException: Table 'car_show_room.attendance' doesn't exist
	at com.mysql.cj.jdbc.exceptions.SQLError.createSQLException(SQLError.java:112)
	at com.mysql.cj.jdbc.exceptions.SQLExceptionsMapping.translateException(SQLExceptionsMapping.java:113)
	at com.mysql.cj.jdbc.ClientPreparedStatement.executeInternal(ClientPreparedStatement.java:938)
	at com.mysql.cj.jdbc.ClientPreparedStatement.executeQuery(ClientPreparedStatement.java:1004)
	at com.zaxxer.hikari.pool.ProxyPreparedStatement.executeQuery(ProxyPreparedStatement.java:52)
	at com.zaxxer.hikari.pool.HikariProxyPreparedStatement.executeQuery(HikariProxyPreparedStatement.java)
	at DAO.AdminAccountDAO.getMonthlyAttendance(AdminAccountDAO.java:101)
	at Controllers.adminAccountController$2.call(adminAccountController.java:163)
	at Controllers.adminAccountController$2.call(adminAccountController.java:1)
	at javafx.concurrent.Task$TaskCallable.call(Task.java:1399)
	at java.base/java.util.concurrent.FutureTask.run(Unknown Source)
	at java.base/java.util.concurrent.ThreadPoolExecutor.runWorker(Unknown Source)
	at java.base/java.util.concurrent.ThreadPoolExecutor$Worker.run(Unknown Source)
	at java.base/java.lang.Thread.run(Unknown Source)
2025-10-08 23:37:06.101 [JavaFX Application Thread] ERROR Controllers.adminAccountController - Failed to load attendance
java.sql.SQLSyntaxErrorException: Table 'car_show_room.attendance' doesn't exist
	at com.mysql.cj.jdbc.exceptions.SQLError.createSQLException(SQLError.java:112)
	at com.mysql.cj.jdbc.exceptions.SQLExceptionsMapping.translateException(SQLExceptionsMapping.java:113)
	at com.mysql.cj.jdbc.ClientPreparedStatement.executeInternal(ClientPreparedStatement.java:938)
	at com.mysql.cj.jdbc.ClientPreparedStatement.executeQuery(ClientPreparedStatement.java:1004)
	at com.zaxxer.hikari.pool.ProxyPreparedStatement.executeQuery(ProxyPreparedStatement.java:52)
	at com.zaxxer.hikari.pool.HikariProxyPreparedStatement.executeQuery(HikariProxyPreparedStatement.java)
	at DAO.AdminAccountDAO.getMonthlyAttendance(AdminAccountDAO.java:101)
	at Controllers.adminAccountController$2.call(adminAccountController.java:163)
	at Controllers.adminAccountController$2.call(adminAccountController.java:1)
	at javafx.concurrent.Task$TaskCallable.call(Task.java:1399)
	at java.base/java.util.concurrent.FutureTask.run(Unknown Source)
	at java.base/java.util.concurrent.ThreadPoolExecutor.runWorker(Unknown Source)
	at java.base/java.util.concurrent.ThreadPoolExecutor$Worker.run(Unknown Source)
	at java.base/java.lang.Thread.run(Unknown Source)
2025-10-08 23:37:06.163 [JavaFX Application Thread] ERROR Controllers.adminAccountController - Failed to load targets
java.sql.SQLSyntaxErrorException: Table 'car_show_room.target' doesn't exist
	at com.mysql.cj.jdbc.exceptions.SQLError.createSQLException(SQLError.java:112)
	at com.mysql.cj.jdbc.exceptions.SQLExceptionsMapping.translateException(SQLExceptionsMapping.java:113)
	at com.mysql.cj.jdbc.ClientPreparedStatement.executeInternal(ClientPreparedStatement.java:938)
	at com.mysql.cj.jdbc.ClientPreparedStatement.executeQuery(ClientPreparedStatement.java:1004)
	at com.zaxxer.hikari.pool.ProxyPreparedStatement.executeQuery(ProxyPreparedStatement.java:52)
	at com.zaxxer.hikari.pool.HikariProxyPreparedStatement.executeQuery(HikariProxyPreparedStatement.java)
	at DAO.AdminAccountDAO.getTargetData(AdminAccountDAO.java:139)
	at Controllers.adminAccountController$3.call(adminAccountController.java:197)
	at Controllers.adminAccountController$3.call(adminAccountController.java:1)
	at javafx.concurrent.Task$TaskCallable.call(Task.java:1399)
	at java.base/java.util.concurrent.FutureTask.run(Unknown Source)
	at java.base/java.util.concurrent.ThreadPoolExecutor.runWorker(Unknown Source)
	at java.base/java.util.concurrent.ThreadPoolExecutor$Worker.run(Unknown Source)
	at java.base/java.lang.Thread.run(Unknown Source)
2025-10-08 23:37:07.045 [JavaFX Application Thread] ERROR Controllers.adminAccountController - Failed to load attendance
java.sql.SQLSyntaxErrorException: Table 'car_show_room.attendance' doesn't exist
	at com.mysql.cj.jdbc.exceptions.SQLError.createSQLException(SQLError.java:112)
	at com.mysql.cj.jdbc.exceptions.SQLExceptionsMapping.translateException(SQLExceptionsMapping.java:113)
	at com.mysql.cj.jdbc.ClientPreparedStatement.executeInternal(ClientPreparedStatement.java:938)
	at com.mysql.cj.jdbc.ClientPreparedStatement.executeQuery(ClientPreparedStatement.java:1004)
	at com.zaxxer.hikari.pool.ProxyPreparedStatement.executeQuery(ProxyPreparedStatement.java:52)
	at com.zaxxer.hikari.pool.HikariProxyPreparedStatement.executeQuery(HikariProxyPreparedStatement.java)
	at DAO.AdminAccountDAO.getMonthlyAttendance(AdminAccountDAO.java:101)
	at Controllers.adminAccountController$2.call(adminAccountController.java:163)
	at Controllers.adminAccountController$2.call(adminAccountController.java:1)
	at javafx.concurrent.Task$TaskCallable.call(Task.java:1399)
	at java.base/java.util.concurrent.FutureTask.run(Unknown Source)
	at java.base/java.util.concurrent.ThreadPoolExecutor.runWorker(Unknown Source)
	at java.base/java.util.concurrent.ThreadPoolExecutor$Worker.run(Unknown Source)
	at java.base/java.lang.Thread.run(Unknown Source)
2025-10-08 23:37:07.108 [JavaFX Application Thread] ERROR Controllers.adminAccountController - Failed to load targets
java.sql.SQLSyntaxErrorException: Table 'car_show_room.target' doesn't exist
	at com.mysql.cj.jdbc.exceptions.SQLError.createSQLException(SQLError.java:112)
	at com.mysql.cj.jdbc.exceptions.SQLExceptionsMapping.translateException(SQLExceptionsMapping.java:113)
	at com.mysql.cj.jdbc.ClientPreparedStatement.executeInternal(ClientPreparedStatement.java:938)
	at com.mysql.cj.jdbc.ClientPreparedStatement.executeQuery(ClientPreparedStatement.java:1004)
	at com.zaxxer.hikari.pool.ProxyPreparedStatement.executeQuery(ProxyPreparedStatement.java:52)
	at com.zaxxer.hikari.pool.HikariProxyPreparedStatement.executeQuery(HikariProxyPreparedStatement.java)
	at DAO.AdminAccountDAO.getTargetData(AdminAccountDAO.java:139)
	at Controllers.adminAccountController$3.call(adminAccountController.java:197)
	at Controllers.adminAccountController$3.call(adminAccountController.java:1)
	at javafx.concurrent.Task$TaskCallable.call(Task.java:1399)
	at java.base/java.util.concurrent.FutureTask.run(Unknown Source)
	at java.base/java.util.concurrent.ThreadPoolExecutor.runWorker(Unknown Source)
	at java.base/java.util.concurrent.ThreadPoolExecutor$Worker.run(Unknown Source)
	at java.base/java.lang.Thread.run(Unknown Source)
2025-10-08 23:41:50.421 [JavaFX Application Thread] INFO  Utils.ThreadPoolManager - Thread pool manager initialized
2025-10-08 23:41:50.497 [Thread-1249] INFO  com.zaxxer.hikari.HikariDataSource - HikariPool-1 - Starting...
2025-10-08 23:41:52.942 [Thread-1249] INFO  com.zaxxer.hikari.pool.HikariPool - HikariPool-1 - Added connection com.mysql.cj.jdbc.ConnectionImpl@762a380e
2025-10-08 23:41:52.946 [Thread-1249] INFO  com.zaxxer.hikari.HikariDataSource - HikariPool-1 - Start completed.
2025-10-08 23:41:52.947 [Thread-1249] INFO  Database.DatabaseConnectionManager - Database connection pool initialized successfully
2025-10-08 23:41:53.175 [Thread-1249] INFO  Controllers.loginController - User admin logged in successfully with role: admin
2025-10-08 23:41:55.171 [Thread-2002] DEBUG DAO.AdminAccountDAO - AdminAccountDAO initialized with connection from pool
2025-10-08 23:41:56.420 [JavaFX Application Thread] ERROR Controllers.adminAccountController - Failed to load targets
java.sql.SQLSyntaxErrorException: Table 'car_show_room.target' doesn't exist
	at com.mysql.cj.jdbc.exceptions.SQLError.createSQLException(SQLError.java:112)
	at com.mysql.cj.jdbc.exceptions.SQLExceptionsMapping.translateException(SQLExceptionsMapping.java:113)
	at com.mysql.cj.jdbc.ClientPreparedStatement.executeInternal(ClientPreparedStatement.java:938)
	at com.mysql.cj.jdbc.ClientPreparedStatement.executeQuery(ClientPreparedStatement.java:1004)
	at com.zaxxer.hikari.pool.ProxyPreparedStatement.executeQuery(ProxyPreparedStatement.java:52)
	at com.zaxxer.hikari.pool.HikariProxyPreparedStatement.executeQuery(HikariProxyPreparedStatement.java)
	at DAO.AdminAccountDAO.getTargetData(AdminAccountDAO.java:139)
	at Controllers.adminAccountController$3.call(adminAccountController.java:199)
	at Controllers.adminAccountController$3.call(adminAccountController.java:1)
	at javafx.concurrent.Task$TaskCallable.call(Task.java:1399)
	at java.base/java.util.concurrent.FutureTask.run(Unknown Source)
	at java.base/java.util.concurrent.ThreadPoolExecutor.runWorker(Unknown Source)
	at java.base/java.util.concurrent.ThreadPoolExecutor$Worker.run(Unknown Source)
	at java.base/java.lang.Thread.run(Unknown Source)
2025-10-08 23:41:56.532 [JavaFX Application Thread] ERROR Controllers.adminAccountController - Failed to load attendance
java.sql.SQLSyntaxErrorException: Table 'car_show_room.attendance' doesn't exist
	at com.mysql.cj.jdbc.exceptions.SQLError.createSQLException(SQLError.java:112)
	at com.mysql.cj.jdbc.exceptions.SQLExceptionsMapping.translateException(SQLExceptionsMapping.java:113)
	at com.mysql.cj.jdbc.ClientPreparedStatement.executeInternal(ClientPreparedStatement.java:938)
	at com.mysql.cj.jdbc.ClientPreparedStatement.executeQuery(ClientPreparedStatement.java:1004)
	at com.zaxxer.hikari.pool.ProxyPreparedStatement.executeQuery(ProxyPreparedStatement.java:52)
	at com.zaxxer.hikari.pool.HikariProxyPreparedStatement.executeQuery(HikariProxyPreparedStatement.java)
	at DAO.AdminAccountDAO.getMonthlyAttendance(AdminAccountDAO.java:101)
	at Controllers.adminAccountController$2.call(adminAccountController.java:165)
	at Controllers.adminAccountController$2.call(adminAccountController.java:1)
	at javafx.concurrent.Task$TaskCallable.call(Task.java:1399)
	at java.base/java.util.concurrent.FutureTask.run(Unknown Source)
	at java.base/java.util.concurrent.ThreadPoolExecutor.runWorker(Unknown Source)
	at java.base/java.util.concurrent.ThreadPoolExecutor$Worker.run(Unknown Source)
	at java.base/java.lang.Thread.run(Unknown Source)
2025-10-08 23:41:59.982 [JavaFX Application Thread] ERROR Controllers.adminAccountController - Failed to load targets
java.sql.SQLSyntaxErrorException: Table 'car_show_room.target' doesn't exist
	at com.mysql.cj.jdbc.exceptions.SQLError.createSQLException(SQLError.java:112)
	at com.mysql.cj.jdbc.exceptions.SQLExceptionsMapping.translateException(SQLExceptionsMapping.java:113)
	at com.mysql.cj.jdbc.ClientPreparedStatement.executeInternal(ClientPreparedStatement.java:938)
	at com.mysql.cj.jdbc.ClientPreparedStatement.executeQuery(ClientPreparedStatement.java:1004)
	at com.zaxxer.hikari.pool.ProxyPreparedStatement.executeQuery(ProxyPreparedStatement.java:52)
	at com.zaxxer.hikari.pool.HikariProxyPreparedStatement.executeQuery(HikariProxyPreparedStatement.java)
	at DAO.AdminAccountDAO.getTargetData(AdminAccountDAO.java:139)
	at Controllers.adminAccountController$3.call(adminAccountController.java:199)
	at Controllers.adminAccountController$3.call(adminAccountController.java:1)
	at javafx.concurrent.Task$TaskCallable.call(Task.java:1399)
	at java.base/java.util.concurrent.FutureTask.run(Unknown Source)
	at java.base/java.util.concurrent.ThreadPoolExecutor.runWorker(Unknown Source)
	at java.base/java.util.concurrent.ThreadPoolExecutor$Worker.run(Unknown Source)
	at java.base/java.lang.Thread.run(Unknown Source)
2025-10-08 23:42:00.313 [JavaFX Application Thread] ERROR Controllers.adminAccountController - Failed to load attendance
java.sql.SQLSyntaxErrorException: Table 'car_show_room.attendance' doesn't exist
	at com.mysql.cj.jdbc.exceptions.SQLError.createSQLException(SQLError.java:112)
	at com.mysql.cj.jdbc.exceptions.SQLExceptionsMapping.translateException(SQLExceptionsMapping.java:113)
	at com.mysql.cj.jdbc.ClientPreparedStatement.executeInternal(ClientPreparedStatement.java:938)
	at com.mysql.cj.jdbc.ClientPreparedStatement.executeQuery(ClientPreparedStatement.java:1004)
	at com.zaxxer.hikari.pool.ProxyPreparedStatement.executeQuery(ProxyPreparedStatement.java:52)
	at com.zaxxer.hikari.pool.HikariProxyPreparedStatement.executeQuery(HikariProxyPreparedStatement.java)
	at DAO.AdminAccountDAO.getMonthlyAttendance(AdminAccountDAO.java:101)
	at Controllers.adminAccountController$2.call(adminAccountController.java:165)
	at Controllers.adminAccountController$2.call(adminAccountController.java:1)
	at javafx.concurrent.Task$TaskCallable.call(Task.java:1399)
	at java.base/java.util.concurrent.FutureTask.run(Unknown Source)
	at java.base/java.util.concurrent.ThreadPoolExecutor.runWorker(Unknown Source)
	at java.base/java.util.concurrent.ThreadPoolExecutor$Worker.run(Unknown Source)
	at java.base/java.lang.Thread.run(Unknown Source)
2025-10-08 23:42:01.295 [JavaFX Application Thread] ERROR Controllers.adminAccountController - Failed to load attendance
java.sql.SQLSyntaxErrorException: Table 'car_show_room.attendance' doesn't exist
	at com.mysql.cj.jdbc.exceptions.SQLError.createSQLException(SQLError.java:112)
	at com.mysql.cj.jdbc.exceptions.SQLExceptionsMapping.translateException(SQLExceptionsMapping.java:113)
	at com.mysql.cj.jdbc.ClientPreparedStatement.executeInternal(ClientPreparedStatement.java:938)
	at com.mysql.cj.jdbc.ClientPreparedStatement.executeQuery(ClientPreparedStatement.java:1004)
	at com.zaxxer.hikari.pool.ProxyPreparedStatement.executeQuery(ProxyPreparedStatement.java:52)
	at com.zaxxer.hikari.pool.HikariProxyPreparedStatement.executeQuery(HikariProxyPreparedStatement.java)
	at DAO.AdminAccountDAO.getMonthlyAttendance(AdminAccountDAO.java:101)
	at Controllers.adminAccountController$2.call(adminAccountController.java:165)
	at Controllers.adminAccountController$2.call(adminAccountController.java:1)
	at javafx.concurrent.Task$TaskCallable.call(Task.java:1399)
	at java.base/java.util.concurrent.FutureTask.run(Unknown Source)
	at java.base/java.util.concurrent.ThreadPoolExecutor.runWorker(Unknown Source)
	at java.base/java.util.concurrent.ThreadPoolExecutor$Worker.run(Unknown Source)
	at java.base/java.lang.Thread.run(Unknown Source)
2025-10-08 23:42:01.416 [JavaFX Application Thread] ERROR Controllers.adminAccountController - Failed to load targets
java.sql.SQLSyntaxErrorException: Table 'car_show_room.target' doesn't exist
	at com.mysql.cj.jdbc.exceptions.SQLError.createSQLException(SQLError.java:112)
	at com.mysql.cj.jdbc.exceptions.SQLExceptionsMapping.translateException(SQLExceptionsMapping.java:113)
	at com.mysql.cj.jdbc.ClientPreparedStatement.executeInternal(ClientPreparedStatement.java:938)
	at com.mysql.cj.jdbc.ClientPreparedStatement.executeQuery(ClientPreparedStatement.java:1004)
	at com.zaxxer.hikari.pool.ProxyPreparedStatement.executeQuery(ProxyPreparedStatement.java:52)
	at com.zaxxer.hikari.pool.HikariProxyPreparedStatement.executeQuery(HikariProxyPreparedStatement.java)
	at DAO.AdminAccountDAO.getTargetData(AdminAccountDAO.java:139)
	at Controllers.adminAccountController$3.call(adminAccountController.java:199)
	at Controllers.adminAccountController$3.call(adminAccountController.java:1)
	at javafx.concurrent.Task$TaskCallable.call(Task.java:1399)
	at java.base/java.util.concurrent.FutureTask.run(Unknown Source)
	at java.base/java.util.concurrent.ThreadPoolExecutor.runWorker(Unknown Source)
	at java.base/java.util.concurrent.ThreadPoolExecutor$Worker.run(Unknown Source)
	at java.base/java.lang.Thread.run(Unknown Source)
2025-10-08 23:42:02.946 [JavaFX Application Thread] ERROR Controllers.adminAccountController - Failed to load attendance
java.sql.SQLSyntaxErrorException: Table 'car_show_room.attendance' doesn't exist
	at com.mysql.cj.jdbc.exceptions.SQLError.createSQLException(SQLError.java:112)
	at com.mysql.cj.jdbc.exceptions.SQLExceptionsMapping.translateException(SQLExceptionsMapping.java:113)
	at com.mysql.cj.jdbc.ClientPreparedStatement.executeInternal(ClientPreparedStatement.java:938)
	at com.mysql.cj.jdbc.ClientPreparedStatement.executeQuery(ClientPreparedStatement.java:1004)
	at com.zaxxer.hikari.pool.ProxyPreparedStatement.executeQuery(ProxyPreparedStatement.java:52)
	at com.zaxxer.hikari.pool.HikariProxyPreparedStatement.executeQuery(HikariProxyPreparedStatement.java)
	at DAO.AdminAccountDAO.getMonthlyAttendance(AdminAccountDAO.java:101)
	at Controllers.adminAccountController$2.call(adminAccountController.java:165)
	at Controllers.adminAccountController$2.call(adminAccountController.java:1)
	at javafx.concurrent.Task$TaskCallable.call(Task.java:1399)
	at java.base/java.util.concurrent.FutureTask.run(Unknown Source)
	at java.base/java.util.concurrent.ThreadPoolExecutor.runWorker(Unknown Source)
	at java.base/java.util.concurrent.ThreadPoolExecutor$Worker.run(Unknown Source)
	at java.base/java.lang.Thread.run(Unknown Source)
2025-10-08 23:42:03.075 [JavaFX Application Thread] ERROR Controllers.adminAccountController - Failed to load targets
java.sql.SQLSyntaxErrorException: Table 'car_show_room.target' doesn't exist
	at com.mysql.cj.jdbc.exceptions.SQLError.createSQLException(SQLError.java:112)
	at com.mysql.cj.jdbc.exceptions.SQLExceptionsMapping.translateException(SQLExceptionsMapping.java:113)
	at com.mysql.cj.jdbc.ClientPreparedStatement.executeInternal(ClientPreparedStatement.java:938)
	at com.mysql.cj.jdbc.ClientPreparedStatement.executeQuery(ClientPreparedStatement.java:1004)
	at com.zaxxer.hikari.pool.ProxyPreparedStatement.executeQuery(ProxyPreparedStatement.java:52)
	at com.zaxxer.hikari.pool.HikariProxyPreparedStatement.executeQuery(HikariProxyPreparedStatement.java)
	at DAO.AdminAccountDAO.getTargetData(AdminAccountDAO.java:139)
	at Controllers.adminAccountController$3.call(adminAccountController.java:199)
	at Controllers.adminAccountController$3.call(adminAccountController.java:1)
	at javafx.concurrent.Task$TaskCallable.call(Task.java:1399)
	at java.base/java.util.concurrent.FutureTask.run(Unknown Source)
	at java.base/java.util.concurrent.ThreadPoolExecutor.runWorker(Unknown Source)
	at java.base/java.util.concurrent.ThreadPoolExecutor$Worker.run(Unknown Source)
	at java.base/java.lang.Thread.run(Unknown Source)
2025-10-08 23:42:03.905 [JavaFX Application Thread] ERROR Controllers.adminAccountController - Failed to load targets
java.sql.SQLSyntaxErrorException: Table 'car_show_room.target' doesn't exist
	at com.mysql.cj.jdbc.exceptions.SQLError.createSQLException(SQLError.java:112)
	at com.mysql.cj.jdbc.exceptions.SQLExceptionsMapping.translateException(SQLExceptionsMapping.java:113)
	at com.mysql.cj.jdbc.ClientPreparedStatement.executeInternal(ClientPreparedStatement.java:938)
	at com.mysql.cj.jdbc.ClientPreparedStatement.executeQuery(ClientPreparedStatement.java:1004)
	at com.zaxxer.hikari.pool.ProxyPreparedStatement.executeQuery(ProxyPreparedStatement.java:52)
	at com.zaxxer.hikari.pool.HikariProxyPreparedStatement.executeQuery(HikariProxyPreparedStatement.java)
	at DAO.AdminAccountDAO.getTargetData(AdminAccountDAO.java:139)
	at Controllers.adminAccountController$3.call(adminAccountController.java:199)
	at Controllers.adminAccountController$3.call(adminAccountController.java:1)
	at javafx.concurrent.Task$TaskCallable.call(Task.java:1399)
	at java.base/java.util.concurrent.FutureTask.run(Unknown Source)
	at java.base/java.util.concurrent.ThreadPoolExecutor.runWorker(Unknown Source)
	at java.base/java.util.concurrent.ThreadPoolExecutor$Worker.run(Unknown Source)
	at java.base/java.lang.Thread.run(Unknown Source)
2025-10-08 23:42:03.977 [JavaFX Application Thread] ERROR Controllers.adminAccountController - Failed to load attendance
java.sql.SQLSyntaxErrorException: Table 'car_show_room.attendance' doesn't exist
	at com.mysql.cj.jdbc.exceptions.SQLError.createSQLException(SQLError.java:112)
	at com.mysql.cj.jdbc.exceptions.SQLExceptionsMapping.translateException(SQLExceptionsMapping.java:113)
	at com.mysql.cj.jdbc.ClientPreparedStatement.executeInternal(ClientPreparedStatement.java:938)
	at com.mysql.cj.jdbc.ClientPreparedStatement.executeQuery(ClientPreparedStatement.java:1004)
	at com.zaxxer.hikari.pool.ProxyPreparedStatement.executeQuery(ProxyPreparedStatement.java:52)
	at com.zaxxer.hikari.pool.HikariProxyPreparedStatement.executeQuery(HikariProxyPreparedStatement.java)
	at DAO.AdminAccountDAO.getMonthlyAttendance(AdminAccountDAO.java:101)
	at Controllers.adminAccountController$2.call(adminAccountController.java:165)
	at Controllers.adminAccountController$2.call(adminAccountController.java:1)
	at javafx.concurrent.Task$TaskCallable.call(Task.java:1399)
	at java.base/java.util.concurrent.FutureTask.run(Unknown Source)
	at java.base/java.util.concurrent.ThreadPoolExecutor.runWorker(Unknown Source)
	at java.base/java.util.concurrent.ThreadPoolExecutor$Worker.run(Unknown Source)
	at java.base/java.lang.Thread.run(Unknown Source)
2025-10-08 23:42:04.659 [JavaFX Application Thread] ERROR Controllers.adminAccountController - Failed to load targets
java.sql.SQLSyntaxErrorException: Table 'car_show_room.target' doesn't exist
	at com.mysql.cj.jdbc.exceptions.SQLError.createSQLException(SQLError.java:112)
	at com.mysql.cj.jdbc.exceptions.SQLExceptionsMapping.translateException(SQLExceptionsMapping.java:113)
	at com.mysql.cj.jdbc.ClientPreparedStatement.executeInternal(ClientPreparedStatement.java:938)
	at com.mysql.cj.jdbc.ClientPreparedStatement.executeQuery(ClientPreparedStatement.java:1004)
	at com.zaxxer.hikari.pool.ProxyPreparedStatement.executeQuery(ProxyPreparedStatement.java:52)
	at com.zaxxer.hikari.pool.HikariProxyPreparedStatement.executeQuery(HikariProxyPreparedStatement.java)
	at DAO.AdminAccountDAO.getTargetData(AdminAccountDAO.java:139)
	at Controllers.adminAccountController$3.call(adminAccountController.java:199)
	at Controllers.adminAccountController$3.call(adminAccountController.java:1)
	at javafx.concurrent.Task$TaskCallable.call(Task.java:1399)
	at java.base/java.util.concurrent.FutureTask.run(Unknown Source)
	at java.base/java.util.concurrent.ThreadPoolExecutor.runWorker(Unknown Source)
	at java.base/java.util.concurrent.ThreadPoolExecutor$Worker.run(Unknown Source)
	at java.base/java.lang.Thread.run(Unknown Source)
2025-10-08 23:42:04.719 [JavaFX Application Thread] ERROR Controllers.adminAccountController - Failed to load attendance
java.sql.SQLSyntaxErrorException: Table 'car_show_room.attendance' doesn't exist
	at com.mysql.cj.jdbc.exceptions.SQLError.createSQLException(SQLError.java:112)
	at com.mysql.cj.jdbc.exceptions.SQLExceptionsMapping.translateException(SQLExceptionsMapping.java:113)
	at com.mysql.cj.jdbc.ClientPreparedStatement.executeInternal(ClientPreparedStatement.java:938)
	at com.mysql.cj.jdbc.ClientPreparedStatement.executeQuery(ClientPreparedStatement.java:1004)
	at com.zaxxer.hikari.pool.ProxyPreparedStatement.executeQuery(ProxyPreparedStatement.java:52)
	at com.zaxxer.hikari.pool.HikariProxyPreparedStatement.executeQuery(HikariProxyPreparedStatement.java)
	at DAO.AdminAccountDAO.getMonthlyAttendance(AdminAccountDAO.java:101)
	at Controllers.adminAccountController$2.call(adminAccountController.java:165)
	at Controllers.adminAccountController$2.call(adminAccountController.java:1)
	at javafx.concurrent.Task$TaskCallable.call(Task.java:1399)
	at java.base/java.util.concurrent.FutureTask.run(Unknown Source)
	at java.base/java.util.concurrent.ThreadPoolExecutor.runWorker(Unknown Source)
	at java.base/java.util.concurrent.ThreadPoolExecutor$Worker.run(Unknown Source)
	at java.base/java.lang.Thread.run(Unknown Source)
2025-10-08 23:42:05.909 [JavaFX Application Thread] ERROR Controllers.adminAccountController - Failed to load targets
java.sql.SQLSyntaxErrorException: Table 'car_show_room.target' doesn't exist
	at com.mysql.cj.jdbc.exceptions.SQLError.createSQLException(SQLError.java:112)
	at com.mysql.cj.jdbc.exceptions.SQLExceptionsMapping.translateException(SQLExceptionsMapping.java:113)
	at com.mysql.cj.jdbc.ClientPreparedStatement.executeInternal(ClientPreparedStatement.java:938)
	at com.mysql.cj.jdbc.ClientPreparedStatement.executeQuery(ClientPreparedStatement.java:1004)
	at com.zaxxer.hikari.pool.ProxyPreparedStatement.executeQuery(ProxyPreparedStatement.java:52)
	at com.zaxxer.hikari.pool.HikariProxyPreparedStatement.executeQuery(HikariProxyPreparedStatement.java)
	at DAO.AdminAccountDAO.getTargetData(AdminAccountDAO.java:139)
	at Controllers.adminAccountController$3.call(adminAccountController.java:199)
	at Controllers.adminAccountController$3.call(adminAccountController.java:1)
	at javafx.concurrent.Task$TaskCallable.call(Task.java:1399)
	at java.base/java.util.concurrent.FutureTask.run(Unknown Source)
	at java.base/java.util.concurrent.ThreadPoolExecutor.runWorker(Unknown Source)
	at java.base/java.util.concurrent.ThreadPoolExecutor$Worker.run(Unknown Source)
	at java.base/java.lang.Thread.run(Unknown Source)
2025-10-08 23:42:05.910 [JavaFX Application Thread] ERROR Controllers.adminAccountController - Failed to load attendance
java.sql.SQLSyntaxErrorException: Table 'car_show_room.attendance' doesn't exist
	at com.mysql.cj.jdbc.exceptions.SQLError.createSQLException(SQLError.java:112)
	at com.mysql.cj.jdbc.exceptions.SQLExceptionsMapping.translateException(SQLExceptionsMapping.java:113)
	at com.mysql.cj.jdbc.ClientPreparedStatement.executeInternal(ClientPreparedStatement.java:938)
	at com.mysql.cj.jdbc.ClientPreparedStatement.executeQuery(ClientPreparedStatement.java:1004)
	at com.zaxxer.hikari.pool.ProxyPreparedStatement.executeQuery(ProxyPreparedStatement.java:52)
	at com.zaxxer.hikari.pool.HikariProxyPreparedStatement.executeQuery(HikariProxyPreparedStatement.java)
	at DAO.AdminAccountDAO.getMonthlyAttendance(AdminAccountDAO.java:101)
	at Controllers.adminAccountController$2.call(adminAccountController.java:165)
	at Controllers.adminAccountController$2.call(adminAccountController.java:1)
	at javafx.concurrent.Task$TaskCallable.call(Task.java:1399)
	at java.base/java.util.concurrent.FutureTask.run(Unknown Source)
	at java.base/java.util.concurrent.ThreadPoolExecutor.runWorker(Unknown Source)
	at java.base/java.util.concurrent.ThreadPoolExecutor$Worker.run(Unknown Source)
	at java.base/java.lang.Thread.run(Unknown Source)
2025-10-08 23:42:06.439 [JavaFX Application Thread] ERROR Controllers.adminAccountController - Failed to load attendance
java.sql.SQLSyntaxErrorException: Table 'car_show_room.attendance' doesn't exist
	at com.mysql.cj.jdbc.exceptions.SQLError.createSQLException(SQLError.java:112)
	at com.mysql.cj.jdbc.exceptions.SQLExceptionsMapping.translateException(SQLExceptionsMapping.java:113)
	at com.mysql.cj.jdbc.ClientPreparedStatement.executeInternal(ClientPreparedStatement.java:938)
	at com.mysql.cj.jdbc.ClientPreparedStatement.executeQuery(ClientPreparedStatement.java:1004)
	at com.zaxxer.hikari.pool.ProxyPreparedStatement.executeQuery(ProxyPreparedStatement.java:52)
	at com.zaxxer.hikari.pool.HikariProxyPreparedStatement.executeQuery(HikariProxyPreparedStatement.java)
	at DAO.AdminAccountDAO.getMonthlyAttendance(AdminAccountDAO.java:101)
	at Controllers.adminAccountController$2.call(adminAccountController.java:165)
	at Controllers.adminAccountController$2.call(adminAccountController.java:1)
	at javafx.concurrent.Task$TaskCallable.call(Task.java:1399)
	at java.base/java.util.concurrent.FutureTask.run(Unknown Source)
	at java.base/java.util.concurrent.ThreadPoolExecutor.runWorker(Unknown Source)
	at java.base/java.util.concurrent.ThreadPoolExecutor$Worker.run(Unknown Source)
	at java.base/java.lang.Thread.run(Unknown Source)
2025-10-08 23:42:06.503 [JavaFX Application Thread] ERROR Controllers.adminAccountController - Failed to load targets
java.sql.SQLSyntaxErrorException: Table 'car_show_room.target' doesn't exist
	at com.mysql.cj.jdbc.exceptions.SQLError.createSQLException(SQLError.java:112)
	at com.mysql.cj.jdbc.exceptions.SQLExceptionsMapping.translateException(SQLExceptionsMapping.java:113)
	at com.mysql.cj.jdbc.ClientPreparedStatement.executeInternal(ClientPreparedStatement.java:938)
	at com.mysql.cj.jdbc.ClientPreparedStatement.executeQuery(ClientPreparedStatement.java:1004)
	at com.zaxxer.hikari.pool.ProxyPreparedStatement.executeQuery(ProxyPreparedStatement.java:52)
	at com.zaxxer.hikari.pool.HikariProxyPreparedStatement.executeQuery(HikariProxyPreparedStatement.java)
	at DAO.AdminAccountDAO.getTargetData(AdminAccountDAO.java:139)
	at Controllers.adminAccountController$3.call(adminAccountController.java:199)
	at Controllers.adminAccountController$3.call(adminAccountController.java:1)
	at javafx.concurrent.Task$TaskCallable.call(Task.java:1399)
	at java.base/java.util.concurrent.FutureTask.run(Unknown Source)
	at java.base/java.util.concurrent.ThreadPoolExecutor.runWorker(Unknown Source)
	at java.base/java.util.concurrent.ThreadPoolExecutor$Worker.run(Unknown Source)
	at java.base/java.lang.Thread.run(Unknown Source)
2025-10-08 23:42:09.029 [JavaFX Application Thread] ERROR Controllers.adminAccountController - Failed to load targets
java.sql.SQLSyntaxErrorException: Table 'car_show_room.target' doesn't exist
	at com.mysql.cj.jdbc.exceptions.SQLError.createSQLException(SQLError.java:112)
	at com.mysql.cj.jdbc.exceptions.SQLExceptionsMapping.translateException(SQLExceptionsMapping.java:113)
	at com.mysql.cj.jdbc.ClientPreparedStatement.executeInternal(ClientPreparedStatement.java:938)
	at com.mysql.cj.jdbc.ClientPreparedStatement.executeQuery(ClientPreparedStatement.java:1004)
	at com.zaxxer.hikari.pool.ProxyPreparedStatement.executeQuery(ProxyPreparedStatement.java:52)
	at com.zaxxer.hikari.pool.HikariProxyPreparedStatement.executeQuery(HikariProxyPreparedStatement.java)
	at DAO.AdminAccountDAO.getTargetData(AdminAccountDAO.java:139)
	at Controllers.adminAccountController$3.call(adminAccountController.java:199)
	at Controllers.adminAccountController$3.call(adminAccountController.java:1)
	at javafx.concurrent.Task$TaskCallable.call(Task.java:1399)
	at java.base/java.util.concurrent.FutureTask.run(Unknown Source)
	at java.base/java.util.concurrent.ThreadPoolExecutor.runWorker(Unknown Source)
	at java.base/java.util.concurrent.ThreadPoolExecutor$Worker.run(Unknown Source)
	at java.base/java.lang.Thread.run(Unknown Source)
2025-10-08 23:42:09.029 [JavaFX Application Thread] ERROR Controllers.adminAccountController - Failed to load attendance
java.sql.SQLSyntaxErrorException: Table 'car_show_room.attendance' doesn't exist
	at com.mysql.cj.jdbc.exceptions.SQLError.createSQLException(SQLError.java:112)
	at com.mysql.cj.jdbc.exceptions.SQLExceptionsMapping.translateException(SQLExceptionsMapping.java:113)
	at com.mysql.cj.jdbc.ClientPreparedStatement.executeInternal(ClientPreparedStatement.java:938)
	at com.mysql.cj.jdbc.ClientPreparedStatement.executeQuery(ClientPreparedStatement.java:1004)
	at com.zaxxer.hikari.pool.ProxyPreparedStatement.executeQuery(ProxyPreparedStatement.java:52)
	at com.zaxxer.hikari.pool.HikariProxyPreparedStatement.executeQuery(HikariProxyPreparedStatement.java)
	at DAO.AdminAccountDAO.getMonthlyAttendance(AdminAccountDAO.java:101)
	at Controllers.adminAccountController$2.call(adminAccountController.java:165)
	at Controllers.adminAccountController$2.call(adminAccountController.java:1)
	at javafx.concurrent.Task$TaskCallable.call(Task.java:1399)
	at java.base/java.util.concurrent.FutureTask.run(Unknown Source)
	at java.base/java.util.concurrent.ThreadPoolExecutor.runWorker(Unknown Source)
	at java.base/java.util.concurrent.ThreadPoolExecutor$Worker.run(Unknown Source)
	at java.base/java.lang.Thread.run(Unknown Source)
2025-10-08 23:42:10.177 [JavaFX Application Thread] ERROR Controllers.adminAccountController - Failed to load targets
java.sql.SQLSyntaxErrorException: Table 'car_show_room.target' doesn't exist
	at com.mysql.cj.jdbc.exceptions.SQLError.createSQLException(SQLError.java:112)
	at com.mysql.cj.jdbc.exceptions.SQLExceptionsMapping.translateException(SQLExceptionsMapping.java:113)
	at com.mysql.cj.jdbc.ClientPreparedStatement.executeInternal(ClientPreparedStatement.java:938)
	at com.mysql.cj.jdbc.ClientPreparedStatement.executeQuery(ClientPreparedStatement.java:1004)
	at com.zaxxer.hikari.pool.ProxyPreparedStatement.executeQuery(ProxyPreparedStatement.java:52)
	at com.zaxxer.hikari.pool.HikariProxyPreparedStatement.executeQuery(HikariProxyPreparedStatement.java)
	at DAO.AdminAccountDAO.getTargetData(AdminAccountDAO.java:139)
	at Controllers.adminAccountController$3.call(adminAccountController.java:199)
	at Controllers.adminAccountController$3.call(adminAccountController.java:1)
	at javafx.concurrent.Task$TaskCallable.call(Task.java:1399)
	at java.base/java.util.concurrent.FutureTask.run(Unknown Source)
	at java.base/java.util.concurrent.ThreadPoolExecutor.runWorker(Unknown Source)
	at java.base/java.util.concurrent.ThreadPoolExecutor$Worker.run(Unknown Source)
	at java.base/java.lang.Thread.run(Unknown Source)
2025-10-08 23:42:10.233 [JavaFX Application Thread] ERROR Controllers.adminAccountController - Failed to load attendance
java.sql.SQLSyntaxErrorException: Table 'car_show_room.attendance' doesn't exist
	at com.mysql.cj.jdbc.exceptions.SQLError.createSQLException(SQLError.java:112)
	at com.mysql.cj.jdbc.exceptions.SQLExceptionsMapping.translateException(SQLExceptionsMapping.java:113)
	at com.mysql.cj.jdbc.ClientPreparedStatement.executeInternal(ClientPreparedStatement.java:938)
	at com.mysql.cj.jdbc.ClientPreparedStatement.executeQuery(ClientPreparedStatement.java:1004)
	at com.zaxxer.hikari.pool.ProxyPreparedStatement.executeQuery(ProxyPreparedStatement.java:52)
	at com.zaxxer.hikari.pool.HikariProxyPreparedStatement.executeQuery(HikariProxyPreparedStatement.java)
	at DAO.AdminAccountDAO.getMonthlyAttendance(AdminAccountDAO.java:101)
	at Controllers.adminAccountController$2.call(adminAccountController.java:165)
	at Controllers.adminAccountController$2.call(adminAccountController.java:1)
	at javafx.concurrent.Task$TaskCallable.call(Task.java:1399)
	at java.base/java.util.concurrent.FutureTask.run(Unknown Source)
	at java.base/java.util.concurrent.ThreadPoolExecutor.runWorker(Unknown Source)
	at java.base/java.util.concurrent.ThreadPoolExecutor$Worker.run(Unknown Source)
	at java.base/java.lang.Thread.run(Unknown Source)
2025-10-08 23:42:10.566 [JavaFX Application Thread] ERROR Controllers.adminAccountController - Failed to load attendance
java.sql.SQLSyntaxErrorException: Table 'car_show_room.attendance' doesn't exist
	at com.mysql.cj.jdbc.exceptions.SQLError.createSQLException(SQLError.java:112)
	at com.mysql.cj.jdbc.exceptions.SQLExceptionsMapping.translateException(SQLExceptionsMapping.java:113)
	at com.mysql.cj.jdbc.ClientPreparedStatement.executeInternal(ClientPreparedStatement.java:938)
	at com.mysql.cj.jdbc.ClientPreparedStatement.executeQuery(ClientPreparedStatement.java:1004)
	at com.zaxxer.hikari.pool.ProxyPreparedStatement.executeQuery(ProxyPreparedStatement.java:52)
	at com.zaxxer.hikari.pool.HikariProxyPreparedStatement.executeQuery(HikariProxyPreparedStatement.java)
	at DAO.AdminAccountDAO.getMonthlyAttendance(AdminAccountDAO.java:101)
	at Controllers.adminAccountController$2.call(adminAccountController.java:165)
	at Controllers.adminAccountController$2.call(adminAccountController.java:1)
	at javafx.concurrent.Task$TaskCallable.call(Task.java:1399)
	at java.base/java.util.concurrent.FutureTask.run(Unknown Source)
	at java.base/java.util.concurrent.ThreadPoolExecutor.runWorker(Unknown Source)
	at java.base/java.util.concurrent.ThreadPoolExecutor$Worker.run(Unknown Source)
	at java.base/java.lang.Thread.run(Unknown Source)
2025-10-08 23:42:10.640 [JavaFX Application Thread] ERROR Controllers.adminAccountController - Failed to load targets
java.sql.SQLSyntaxErrorException: Table 'car_show_room.target' doesn't exist
	at com.mysql.cj.jdbc.exceptions.SQLError.createSQLException(SQLError.java:112)
	at com.mysql.cj.jdbc.exceptions.SQLExceptionsMapping.translateException(SQLExceptionsMapping.java:113)
	at com.mysql.cj.jdbc.ClientPreparedStatement.executeInternal(ClientPreparedStatement.java:938)
	at com.mysql.cj.jdbc.ClientPreparedStatement.executeQuery(ClientPreparedStatement.java:1004)
	at com.zaxxer.hikari.pool.ProxyPreparedStatement.executeQuery(ProxyPreparedStatement.java:52)
	at com.zaxxer.hikari.pool.HikariProxyPreparedStatement.executeQuery(HikariProxyPreparedStatement.java)
	at DAO.AdminAccountDAO.getTargetData(AdminAccountDAO.java:139)
	at Controllers.adminAccountController$3.call(adminAccountController.java:199)
	at Controllers.adminAccountController$3.call(adminAccountController.java:1)
	at javafx.concurrent.Task$TaskCallable.call(Task.java:1399)
	at java.base/java.util.concurrent.FutureTask.run(Unknown Source)
	at java.base/java.util.concurrent.ThreadPoolExecutor.runWorker(Unknown Source)
	at java.base/java.util.concurrent.ThreadPoolExecutor$Worker.run(Unknown Source)
	at java.base/java.lang.Thread.run(Unknown Source)
2025-10-08 23:42:10.994 [JavaFX Application Thread] ERROR Controllers.adminAccountController - Failed to load targets
java.sql.SQLSyntaxErrorException: Table 'car_show_room.target' doesn't exist
	at com.mysql.cj.jdbc.exceptions.SQLError.createSQLException(SQLError.java:112)
	at com.mysql.cj.jdbc.exceptions.SQLExceptionsMapping.translateException(SQLExceptionsMapping.java:113)
	at com.mysql.cj.jdbc.ClientPreparedStatement.executeInternal(ClientPreparedStatement.java:938)
	at com.mysql.cj.jdbc.ClientPreparedStatement.executeQuery(ClientPreparedStatement.java:1004)
	at com.zaxxer.hikari.pool.ProxyPreparedStatement.executeQuery(ProxyPreparedStatement.java:52)
	at com.zaxxer.hikari.pool.HikariProxyPreparedStatement.executeQuery(HikariProxyPreparedStatement.java)
	at DAO.AdminAccountDAO.getTargetData(AdminAccountDAO.java:139)
	at Controllers.adminAccountController$3.call(adminAccountController.java:199)
	at Controllers.adminAccountController$3.call(adminAccountController.java:1)
	at javafx.concurrent.Task$TaskCallable.call(Task.java:1399)
	at java.base/java.util.concurrent.FutureTask.run(Unknown Source)
	at java.base/java.util.concurrent.ThreadPoolExecutor.runWorker(Unknown Source)
	at java.base/java.util.concurrent.ThreadPoolExecutor$Worker.run(Unknown Source)
	at java.base/java.lang.Thread.run(Unknown Source)
2025-10-08 23:42:11.044 [JavaFX Application Thread] ERROR Controllers.adminAccountController - Failed to load attendance
java.sql.SQLSyntaxErrorException: Table 'car_show_room.attendance' doesn't exist
	at com.mysql.cj.jdbc.exceptions.SQLError.createSQLException(SQLError.java:112)
	at com.mysql.cj.jdbc.exceptions.SQLExceptionsMapping.translateException(SQLExceptionsMapping.java:113)
	at com.mysql.cj.jdbc.ClientPreparedStatement.executeInternal(ClientPreparedStatement.java:938)
	at com.mysql.cj.jdbc.ClientPreparedStatement.executeQuery(ClientPreparedStatement.java:1004)
	at com.zaxxer.hikari.pool.ProxyPreparedStatement.executeQuery(ProxyPreparedStatement.java:52)
	at com.zaxxer.hikari.pool.HikariProxyPreparedStatement.executeQuery(HikariProxyPreparedStatement.java)
	at DAO.AdminAccountDAO.getMonthlyAttendance(AdminAccountDAO.java:101)
	at Controllers.adminAccountController$2.call(adminAccountController.java:165)
	at Controllers.adminAccountController$2.call(adminAccountController.java:1)
	at javafx.concurrent.Task$TaskCallable.call(Task.java:1399)
	at java.base/java.util.concurrent.FutureTask.run(Unknown Source)
	at java.base/java.util.concurrent.ThreadPoolExecutor.runWorker(Unknown Source)
	at java.base/java.util.concurrent.ThreadPoolExecutor$Worker.run(Unknown Source)
	at java.base/java.lang.Thread.run(Unknown Source)
2025-10-08 23:42:11.127 [JavaFX Application Thread] ERROR Controllers.adminAccountController - Failed to load targets
java.sql.SQLSyntaxErrorException: Table 'car_show_room.target' doesn't exist
	at com.mysql.cj.jdbc.exceptions.SQLError.createSQLException(SQLError.java:112)
	at com.mysql.cj.jdbc.exceptions.SQLExceptionsMapping.translateException(SQLExceptionsMapping.java:113)
	at com.mysql.cj.jdbc.ClientPreparedStatement.executeInternal(ClientPreparedStatement.java:938)
	at com.mysql.cj.jdbc.ClientPreparedStatement.executeQuery(ClientPreparedStatement.java:1004)
	at com.zaxxer.hikari.pool.ProxyPreparedStatement.executeQuery(ProxyPreparedStatement.java:52)
	at com.zaxxer.hikari.pool.HikariProxyPreparedStatement.executeQuery(HikariProxyPreparedStatement.java)
	at DAO.AdminAccountDAO.getTargetData(AdminAccountDAO.java:139)
	at Controllers.adminAccountController$3.call(adminAccountController.java:199)
	at Controllers.adminAccountController$3.call(adminAccountController.java:1)
	at javafx.concurrent.Task$TaskCallable.call(Task.java:1399)
	at java.base/java.util.concurrent.FutureTask.run(Unknown Source)
	at java.base/java.util.concurrent.ThreadPoolExecutor.runWorker(Unknown Source)
	at java.base/java.util.concurrent.ThreadPoolExecutor$Worker.run(Unknown Source)
	at java.base/java.lang.Thread.run(Unknown Source)
2025-10-08 23:42:11.180 [JavaFX Application Thread] ERROR Controllers.adminAccountController - Failed to load attendance
java.sql.SQLSyntaxErrorException: Table 'car_show_room.attendance' doesn't exist
	at com.mysql.cj.jdbc.exceptions.SQLError.createSQLException(SQLError.java:112)
	at com.mysql.cj.jdbc.exceptions.SQLExceptionsMapping.translateException(SQLExceptionsMapping.java:113)
	at com.mysql.cj.jdbc.ClientPreparedStatement.executeInternal(ClientPreparedStatement.java:938)
	at com.mysql.cj.jdbc.ClientPreparedStatement.executeQuery(ClientPreparedStatement.java:1004)
	at com.zaxxer.hikari.pool.ProxyPreparedStatement.executeQuery(ProxyPreparedStatement.java:52)
	at com.zaxxer.hikari.pool.HikariProxyPreparedStatement.executeQuery(HikariProxyPreparedStatement.java)
	at DAO.AdminAccountDAO.getMonthlyAttendance(AdminAccountDAO.java:101)
	at Controllers.adminAccountController$2.call(adminAccountController.java:165)
	at Controllers.adminAccountController$2.call(adminAccountController.java:1)
	at javafx.concurrent.Task$TaskCallable.call(Task.java:1399)
	at java.base/java.util.concurrent.FutureTask.run(Unknown Source)
	at java.base/java.util.concurrent.ThreadPoolExecutor.runWorker(Unknown Source)
	at java.base/java.util.concurrent.ThreadPoolExecutor$Worker.run(Unknown Source)
	at java.base/java.lang.Thread.run(Unknown Source)
2025-10-08 23:42:11.352 [JavaFX Application Thread] ERROR Controllers.adminAccountController - Failed to load targets
java.sql.SQLSyntaxErrorException: Table 'car_show_room.target' doesn't exist
	at com.mysql.cj.jdbc.exceptions.SQLError.createSQLException(SQLError.java:112)
	at com.mysql.cj.jdbc.exceptions.SQLExceptionsMapping.translateException(SQLExceptionsMapping.java:113)
	at com.mysql.cj.jdbc.ClientPreparedStatement.executeInternal(ClientPreparedStatement.java:938)
	at com.mysql.cj.jdbc.ClientPreparedStatement.executeQuery(ClientPreparedStatement.java:1004)
	at com.zaxxer.hikari.pool.ProxyPreparedStatement.executeQuery(ProxyPreparedStatement.java:52)
	at com.zaxxer.hikari.pool.HikariProxyPreparedStatement.executeQuery(HikariProxyPreparedStatement.java)
	at DAO.AdminAccountDAO.getTargetData(AdminAccountDAO.java:139)
	at Controllers.adminAccountController$3.call(adminAccountController.java:199)
	at Controllers.adminAccountController$3.call(adminAccountController.java:1)
	at javafx.concurrent.Task$TaskCallable.call(Task.java:1399)
	at java.base/java.util.concurrent.FutureTask.run(Unknown Source)
	at java.base/java.util.concurrent.ThreadPoolExecutor.runWorker(Unknown Source)
	at java.base/java.util.concurrent.ThreadPoolExecutor$Worker.run(Unknown Source)
	at java.base/java.lang.Thread.run(Unknown Source)
2025-10-08 23:42:11.406 [JavaFX Application Thread] ERROR Controllers.adminAccountController - Failed to load attendance
java.sql.SQLSyntaxErrorException: Table 'car_show_room.attendance' doesn't exist
	at com.mysql.cj.jdbc.exceptions.SQLError.createSQLException(SQLError.java:112)
	at com.mysql.cj.jdbc.exceptions.SQLExceptionsMapping.translateException(SQLExceptionsMapping.java:113)
	at com.mysql.cj.jdbc.ClientPreparedStatement.executeInternal(ClientPreparedStatement.java:938)
	at com.mysql.cj.jdbc.ClientPreparedStatement.executeQuery(ClientPreparedStatement.java:1004)
	at com.zaxxer.hikari.pool.ProxyPreparedStatement.executeQuery(ProxyPreparedStatement.java:52)
	at com.zaxxer.hikari.pool.HikariProxyPreparedStatement.executeQuery(HikariProxyPreparedStatement.java)
	at DAO.AdminAccountDAO.getMonthlyAttendance(AdminAccountDAO.java:101)
	at Controllers.adminAccountController$2.call(adminAccountController.java:165)
	at Controllers.adminAccountController$2.call(adminAccountController.java:1)
	at javafx.concurrent.Task$TaskCallable.call(Task.java:1399)
	at java.base/java.util.concurrent.FutureTask.run(Unknown Source)
	at java.base/java.util.concurrent.ThreadPoolExecutor.runWorker(Unknown Source)
	at java.base/java.util.concurrent.ThreadPoolExecutor$Worker.run(Unknown Source)
	at java.base/java.lang.Thread.run(Unknown Source)
2025-10-08 23:42:11.472 [JavaFX Application Thread] ERROR Controllers.adminAccountController - Failed to load targets
java.sql.SQLSyntaxErrorException: Table 'car_show_room.target' doesn't exist
	at com.mysql.cj.jdbc.exceptions.SQLError.createSQLException(SQLError.java:112)
	at com.mysql.cj.jdbc.exceptions.SQLExceptionsMapping.translateException(SQLExceptionsMapping.java:113)
	at com.mysql.cj.jdbc.ClientPreparedStatement.executeInternal(ClientPreparedStatement.java:938)
	at com.mysql.cj.jdbc.ClientPreparedStatement.executeQuery(ClientPreparedStatement.java:1004)
	at com.zaxxer.hikari.pool.ProxyPreparedStatement.executeQuery(ProxyPreparedStatement.java:52)
	at com.zaxxer.hikari.pool.HikariProxyPreparedStatement.executeQuery(HikariProxyPreparedStatement.java)
	at DAO.AdminAccountDAO.getTargetData(AdminAccountDAO.java:139)
	at Controllers.adminAccountController$3.call(adminAccountController.java:199)
	at Controllers.adminAccountController$3.call(adminAccountController.java:1)
	at javafx.concurrent.Task$TaskCallable.call(Task.java:1399)
	at java.base/java.util.concurrent.FutureTask.run(Unknown Source)
	at java.base/java.util.concurrent.ThreadPoolExecutor.runWorker(Unknown Source)
	at java.base/java.util.concurrent.ThreadPoolExecutor$Worker.run(Unknown Source)
	at java.base/java.lang.Thread.run(Unknown Source)
2025-10-08 23:42:11.701 [JavaFX Application Thread] ERROR Controllers.adminAccountController - Failed to load attendance
java.sql.SQLSyntaxErrorException: Table 'car_show_room.attendance' doesn't exist
	at com.mysql.cj.jdbc.exceptions.SQLError.createSQLException(SQLError.java:112)
	at com.mysql.cj.jdbc.exceptions.SQLExceptionsMapping.translateException(SQLExceptionsMapping.java:113)
	at com.mysql.cj.jdbc.ClientPreparedStatement.executeInternal(ClientPreparedStatement.java:938)
	at com.mysql.cj.jdbc.ClientPreparedStatement.executeQuery(ClientPreparedStatement.java:1004)
	at com.zaxxer.hikari.pool.ProxyPreparedStatement.executeQuery(ProxyPreparedStatement.java:52)
	at com.zaxxer.hikari.pool.HikariProxyPreparedStatement.executeQuery(HikariProxyPreparedStatement.java)
	at DAO.AdminAccountDAO.getMonthlyAttendance(AdminAccountDAO.java:101)
	at Controllers.adminAccountController$2.call(adminAccountController.java:165)
	at Controllers.adminAccountController$2.call(adminAccountController.java:1)
	at javafx.concurrent.Task$TaskCallable.call(Task.java:1399)
	at java.base/java.util.concurrent.FutureTask.run(Unknown Source)
	at java.base/java.util.concurrent.ThreadPoolExecutor.runWorker(Unknown Source)
	at java.base/java.util.concurrent.ThreadPoolExecutor$Worker.run(Unknown Source)
	at java.base/java.lang.Thread.run(Unknown Source)
2025-10-08 23:42:11.928 [JavaFX Application Thread] ERROR Controllers.adminAccountController - Failed to load targets
java.sql.SQLSyntaxErrorException: Table 'car_show_room.target' doesn't exist
	at com.mysql.cj.jdbc.exceptions.SQLError.createSQLException(SQLError.java:112)
	at com.mysql.cj.jdbc.exceptions.SQLExceptionsMapping.translateException(SQLExceptionsMapping.java:113)
	at com.mysql.cj.jdbc.ClientPreparedStatement.executeInternal(ClientPreparedStatement.java:938)
	at com.mysql.cj.jdbc.ClientPreparedStatement.executeQuery(ClientPreparedStatement.java:1004)
	at com.zaxxer.hikari.pool.ProxyPreparedStatement.executeQuery(ProxyPreparedStatement.java:52)
	at com.zaxxer.hikari.pool.HikariProxyPreparedStatement.executeQuery(HikariProxyPreparedStatement.java)
	at DAO.AdminAccountDAO.getTargetData(AdminAccountDAO.java:139)
	at Controllers.adminAccountController$3.call(adminAccountController.java:199)
	at Controllers.adminAccountController$3.call(adminAccountController.java:1)
	at javafx.concurrent.Task$TaskCallable.call(Task.java:1399)
	at java.base/java.util.concurrent.FutureTask.run(Unknown Source)
	at java.base/java.util.concurrent.ThreadPoolExecutor.runWorker(Unknown Source)
	at java.base/java.util.concurrent.ThreadPoolExecutor$Worker.run(Unknown Source)
	at java.base/java.lang.Thread.run(Unknown Source)
2025-10-08 23:42:12.040 [JavaFX Application Thread] ERROR Controllers.adminAccountController - Failed to load attendance
java.sql.SQLSyntaxErrorException: Table 'car_show_room.attendance' doesn't exist
	at com.mysql.cj.jdbc.exceptions.SQLError.createSQLException(SQLError.java:112)
	at com.mysql.cj.jdbc.exceptions.SQLExceptionsMapping.translateException(SQLExceptionsMapping.java:113)
	at com.mysql.cj.jdbc.ClientPreparedStatement.executeInternal(ClientPreparedStatement.java:938)
	at com.mysql.cj.jdbc.ClientPreparedStatement.executeQuery(ClientPreparedStatement.java:1004)
	at com.zaxxer.hikari.pool.ProxyPreparedStatement.executeQuery(ProxyPreparedStatement.java:52)
	at com.zaxxer.hikari.pool.HikariProxyPreparedStatement.executeQuery(HikariProxyPreparedStatement.java)
	at DAO.AdminAccountDAO.getMonthlyAttendance(AdminAccountDAO.java:101)
	at Controllers.adminAccountController$2.call(adminAccountController.java:165)
	at Controllers.adminAccountController$2.call(adminAccountController.java:1)
	at javafx.concurrent.Task$TaskCallable.call(Task.java:1399)
	at java.base/java.util.concurrent.FutureTask.run(Unknown Source)
	at java.base/java.util.concurrent.ThreadPoolExecutor.runWorker(Unknown Source)
	at java.base/java.util.concurrent.ThreadPoolExecutor$Worker.run(Unknown Source)
	at java.base/java.lang.Thread.run(Unknown Source)
2025-10-08 23:42:12.167 [JavaFX Application Thread] ERROR Controllers.adminAccountController - Failed to load targets
java.sql.SQLSyntaxErrorException: Table 'car_show_room.target' doesn't exist
	at com.mysql.cj.jdbc.exceptions.SQLError.createSQLException(SQLError.java:112)
	at com.mysql.cj.jdbc.exceptions.SQLExceptionsMapping.translateException(SQLExceptionsMapping.java:113)
	at com.mysql.cj.jdbc.ClientPreparedStatement.executeInternal(ClientPreparedStatement.java:938)
	at com.mysql.cj.jdbc.ClientPreparedStatement.executeQuery(ClientPreparedStatement.java:1004)
	at com.zaxxer.hikari.pool.ProxyPreparedStatement.executeQuery(ProxyPreparedStatement.java:52)
	at com.zaxxer.hikari.pool.HikariProxyPreparedStatement.executeQuery(HikariProxyPreparedStatement.java)
	at DAO.AdminAccountDAO.getTargetData(AdminAccountDAO.java:139)
	at Controllers.adminAccountController$3.call(adminAccountController.java:199)
	at Controllers.adminAccountController$3.call(adminAccountController.java:1)
	at javafx.concurrent.Task$TaskCallable.call(Task.java:1399)
	at java.base/java.util.concurrent.FutureTask.run(Unknown Source)
	at java.base/java.util.concurrent.ThreadPoolExecutor.runWorker(Unknown Source)
	at java.base/java.util.concurrent.ThreadPoolExecutor$Worker.run(Unknown Source)
	at java.base/java.lang.Thread.run(Unknown Source)
2025-10-08 23:42:12.173 [JavaFX Application Thread] ERROR Controllers.adminAccountController - Failed to load attendance
java.sql.SQLSyntaxErrorException: Table 'car_show_room.attendance' doesn't exist
	at com.mysql.cj.jdbc.exceptions.SQLError.createSQLException(SQLError.java:112)
	at com.mysql.cj.jdbc.exceptions.SQLExceptionsMapping.translateException(SQLExceptionsMapping.java:113)
	at com.mysql.cj.jdbc.ClientPreparedStatement.executeInternal(ClientPreparedStatement.java:938)
	at com.mysql.cj.jdbc.ClientPreparedStatement.executeQuery(ClientPreparedStatement.java:1004)
	at com.zaxxer.hikari.pool.ProxyPreparedStatement.executeQuery(ProxyPreparedStatement.java:52)
	at com.zaxxer.hikari.pool.HikariProxyPreparedStatement.executeQuery(HikariProxyPreparedStatement.java)
	at DAO.AdminAccountDAO.getMonthlyAttendance(AdminAccountDAO.java:101)
	at Controllers.adminAccountController$2.call(adminAccountController.java:165)
	at Controllers.adminAccountController$2.call(adminAccountController.java:1)
	at javafx.concurrent.Task$TaskCallable.call(Task.java:1399)
	at java.base/java.util.concurrent.FutureTask.run(Unknown Source)
	at java.base/java.util.concurrent.ThreadPoolExecutor.runWorker(Unknown Source)
	at java.base/java.util.concurrent.ThreadPoolExecutor$Worker.run(Unknown Source)
	at java.base/java.lang.Thread.run(Unknown Source)
2025-10-08 23:42:12.277 [JavaFX Application Thread] ERROR Controllers.adminAccountController - Failed to load targets
java.sql.SQLSyntaxErrorException: Table 'car_show_room.target' doesn't exist
	at com.mysql.cj.jdbc.exceptions.SQLError.createSQLException(SQLError.java:112)
	at com.mysql.cj.jdbc.exceptions.SQLExceptionsMapping.translateException(SQLExceptionsMapping.java:113)
	at com.mysql.cj.jdbc.ClientPreparedStatement.executeInternal(ClientPreparedStatement.java:938)
	at com.mysql.cj.jdbc.ClientPreparedStatement.executeQuery(ClientPreparedStatement.java:1004)
	at com.zaxxer.hikari.pool.ProxyPreparedStatement.executeQuery(ProxyPreparedStatement.java:52)
	at com.zaxxer.hikari.pool.HikariProxyPreparedStatement.executeQuery(HikariProxyPreparedStatement.java)
	at DAO.AdminAccountDAO.getTargetData(AdminAccountDAO.java:139)
	at Controllers.adminAccountController$3.call(adminAccountController.java:199)
	at Controllers.adminAccountController$3.call(adminAccountController.java:1)
	at javafx.concurrent.Task$TaskCallable.call(Task.java:1399)
	at java.base/java.util.concurrent.FutureTask.run(Unknown Source)
	at java.base/java.util.concurrent.ThreadPoolExecutor.runWorker(Unknown Source)
	at java.base/java.util.concurrent.ThreadPoolExecutor$Worker.run(Unknown Source)
	at java.base/java.lang.Thread.run(Unknown Source)
2025-10-08 23:42:12.337 [JavaFX Application Thread] ERROR Controllers.adminAccountController - Failed to load targets
java.sql.SQLSyntaxErrorException: Table 'car_show_room.target' doesn't exist
	at com.mysql.cj.jdbc.exceptions.SQLError.createSQLException(SQLError.java:112)
	at com.mysql.cj.jdbc.exceptions.SQLExceptionsMapping.translateException(SQLExceptionsMapping.java:113)
	at com.mysql.cj.jdbc.ClientPreparedStatement.executeInternal(ClientPreparedStatement.java:938)
	at com.mysql.cj.jdbc.ClientPreparedStatement.executeQuery(ClientPreparedStatement.java:1004)
	at com.zaxxer.hikari.pool.ProxyPreparedStatement.executeQuery(ProxyPreparedStatement.java:52)
	at com.zaxxer.hikari.pool.HikariProxyPreparedStatement.executeQuery(HikariProxyPreparedStatement.java)
	at DAO.AdminAccountDAO.getTargetData(AdminAccountDAO.java:139)
	at Controllers.adminAccountController$3.call(adminAccountController.java:199)
	at Controllers.adminAccountController$3.call(adminAccountController.java:1)
	at javafx.concurrent.Task$TaskCallable.call(Task.java:1399)
	at java.base/java.util.concurrent.FutureTask.run(Unknown Source)
	at java.base/java.util.concurrent.ThreadPoolExecutor.runWorker(Unknown Source)
	at java.base/java.util.concurrent.ThreadPoolExecutor$Worker.run(Unknown Source)
	at java.base/java.lang.Thread.run(Unknown Source)
2025-10-08 23:42:12.407 [JavaFX Application Thread] ERROR Controllers.adminAccountController - Failed to load attendance
java.sql.SQLSyntaxErrorException: Table 'car_show_room.attendance' doesn't exist
	at com.mysql.cj.jdbc.exceptions.SQLError.createSQLException(SQLError.java:112)
	at com.mysql.cj.jdbc.exceptions.SQLExceptionsMapping.translateException(SQLExceptionsMapping.java:113)
	at com.mysql.cj.jdbc.ClientPreparedStatement.executeInternal(ClientPreparedStatement.java:938)
	at com.mysql.cj.jdbc.ClientPreparedStatement.executeQuery(ClientPreparedStatement.java:1004)
	at com.zaxxer.hikari.pool.ProxyPreparedStatement.executeQuery(ProxyPreparedStatement.java:52)
	at com.zaxxer.hikari.pool.HikariProxyPreparedStatement.executeQuery(HikariProxyPreparedStatement.java)
	at DAO.AdminAccountDAO.getMonthlyAttendance(AdminAccountDAO.java:101)
	at Controllers.adminAccountController$2.call(adminAccountController.java:165)
	at Controllers.adminAccountController$2.call(adminAccountController.java:1)
	at javafx.concurrent.Task$TaskCallable.call(Task.java:1399)
	at java.base/java.util.concurrent.FutureTask.run(Unknown Source)
	at java.base/java.util.concurrent.ThreadPoolExecutor.runWorker(Unknown Source)
	at java.base/java.util.concurrent.ThreadPoolExecutor$Worker.run(Unknown Source)
	at java.base/java.lang.Thread.run(Unknown Source)
2025-10-08 23:42:12.452 [JavaFX Application Thread] ERROR Controllers.adminAccountController - Failed to load attendance
java.sql.SQLSyntaxErrorException: Table 'car_show_room.attendance' doesn't exist
	at com.mysql.cj.jdbc.exceptions.SQLError.createSQLException(SQLError.java:112)
	at com.mysql.cj.jdbc.exceptions.SQLExceptionsMapping.translateException(SQLExceptionsMapping.java:113)
	at com.mysql.cj.jdbc.ClientPreparedStatement.executeInternal(ClientPreparedStatement.java:938)
	at com.mysql.cj.jdbc.ClientPreparedStatement.executeQuery(ClientPreparedStatement.java:1004)
	at com.zaxxer.hikari.pool.ProxyPreparedStatement.executeQuery(ProxyPreparedStatement.java:52)
	at com.zaxxer.hikari.pool.HikariProxyPreparedStatement.executeQuery(HikariProxyPreparedStatement.java)
	at DAO.AdminAccountDAO.getMonthlyAttendance(AdminAccountDAO.java:101)
	at Controllers.adminAccountController$2.call(adminAccountController.java:165)
	at Controllers.adminAccountController$2.call(adminAccountController.java:1)
	at javafx.concurrent.Task$TaskCallable.call(Task.java:1399)
	at java.base/java.util.concurrent.FutureTask.run(Unknown Source)
	at java.base/java.util.concurrent.ThreadPoolExecutor.runWorker(Unknown Source)
	at java.base/java.util.concurrent.ThreadPoolExecutor$Worker.run(Unknown Source)
	at java.base/java.lang.Thread.run(Unknown Source)
2025-10-08 23:42:12.873 [JavaFX Application Thread] ERROR Controllers.adminAccountController - Failed to load attendance
java.sql.SQLSyntaxErrorException: Table 'car_show_room.attendance' doesn't exist
	at com.mysql.cj.jdbc.exceptions.SQLError.createSQLException(SQLError.java:112)
	at com.mysql.cj.jdbc.exceptions.SQLExceptionsMapping.translateException(SQLExceptionsMapping.java:113)
	at com.mysql.cj.jdbc.ClientPreparedStatement.executeInternal(ClientPreparedStatement.java:938)
	at com.mysql.cj.jdbc.ClientPreparedStatement.executeQuery(ClientPreparedStatement.java:1004)
	at com.zaxxer.hikari.pool.ProxyPreparedStatement.executeQuery(ProxyPreparedStatement.java:52)
	at com.zaxxer.hikari.pool.HikariProxyPreparedStatement.executeQuery(HikariProxyPreparedStatement.java)
	at DAO.AdminAccountDAO.getMonthlyAttendance(AdminAccountDAO.java:101)
	at Controllers.adminAccountController$2.call(adminAccountController.java:165)
	at Controllers.adminAccountController$2.call(adminAccountController.java:1)
	at javafx.concurrent.Task$TaskCallable.call(Task.java:1399)
	at java.base/java.util.concurrent.FutureTask.run(Unknown Source)
	at java.base/java.util.concurrent.ThreadPoolExecutor.runWorker(Unknown Source)
	at java.base/java.util.concurrent.ThreadPoolExecutor$Worker.run(Unknown Source)
	at java.base/java.lang.Thread.run(Unknown Source)
2025-10-08 23:42:12.999 [JavaFX Application Thread] ERROR Controllers.adminAccountController - Failed to load targets
java.sql.SQLSyntaxErrorException: Table 'car_show_room.target' doesn't exist
	at com.mysql.cj.jdbc.exceptions.SQLError.createSQLException(SQLError.java:112)
	at com.mysql.cj.jdbc.exceptions.SQLExceptionsMapping.translateException(SQLExceptionsMapping.java:113)
	at com.mysql.cj.jdbc.ClientPreparedStatement.executeInternal(ClientPreparedStatement.java:938)
	at com.mysql.cj.jdbc.ClientPreparedStatement.executeQuery(ClientPreparedStatement.java:1004)
	at com.zaxxer.hikari.pool.ProxyPreparedStatement.executeQuery(ProxyPreparedStatement.java:52)
	at com.zaxxer.hikari.pool.HikariProxyPreparedStatement.executeQuery(HikariProxyPreparedStatement.java)
	at DAO.AdminAccountDAO.getTargetData(AdminAccountDAO.java:139)
	at Controllers.adminAccountController$3.call(adminAccountController.java:199)
	at Controllers.adminAccountController$3.call(adminAccountController.java:1)
	at javafx.concurrent.Task$TaskCallable.call(Task.java:1399)
	at java.base/java.util.concurrent.FutureTask.run(Unknown Source)
	at java.base/java.util.concurrent.ThreadPoolExecutor.runWorker(Unknown Source)
	at java.base/java.util.concurrent.ThreadPoolExecutor$Worker.run(Unknown Source)
	at java.base/java.lang.Thread.run(Unknown Source)
2025-10-08 23:42:16.243 [JavaFX Application Thread] ERROR Controllers.adminAccountController - Failed to load targets
java.sql.SQLSyntaxErrorException: Table 'car_show_room.target' doesn't exist
	at com.mysql.cj.jdbc.exceptions.SQLError.createSQLException(SQLError.java:112)
	at com.mysql.cj.jdbc.exceptions.SQLExceptionsMapping.translateException(SQLExceptionsMapping.java:113)
	at com.mysql.cj.jdbc.ClientPreparedStatement.executeInternal(ClientPreparedStatement.java:938)
	at com.mysql.cj.jdbc.ClientPreparedStatement.executeQuery(ClientPreparedStatement.java:1004)
	at com.zaxxer.hikari.pool.ProxyPreparedStatement.executeQuery(ProxyPreparedStatement.java:52)
	at com.zaxxer.hikari.pool.HikariProxyPreparedStatement.executeQuery(HikariProxyPreparedStatement.java)
	at DAO.AdminAccountDAO.getTargetData(AdminAccountDAO.java:139)
	at Controllers.adminAccountController$3.call(adminAccountController.java:199)
	at Controllers.adminAccountController$3.call(adminAccountController.java:1)
	at javafx.concurrent.Task$TaskCallable.call(Task.java:1399)
	at java.base/java.util.concurrent.FutureTask.run(Unknown Source)
	at java.base/java.util.concurrent.ThreadPoolExecutor.runWorker(Unknown Source)
	at java.base/java.util.concurrent.ThreadPoolExecutor$Worker.run(Unknown Source)
	at java.base/java.lang.Thread.run(Unknown Source)
2025-10-08 23:42:16.244 [JavaFX Application Thread] ERROR Controllers.adminAccountController - Failed to load attendance
java.sql.SQLSyntaxErrorException: Table 'car_show_room.attendance' doesn't exist
	at com.mysql.cj.jdbc.exceptions.SQLError.createSQLException(SQLError.java:112)
	at com.mysql.cj.jdbc.exceptions.SQLExceptionsMapping.translateException(SQLExceptionsMapping.java:113)
	at com.mysql.cj.jdbc.ClientPreparedStatement.executeInternal(ClientPreparedStatement.java:938)
	at com.mysql.cj.jdbc.ClientPreparedStatement.executeQuery(ClientPreparedStatement.java:1004)
	at com.zaxxer.hikari.pool.ProxyPreparedStatement.executeQuery(ProxyPreparedStatement.java:52)
	at com.zaxxer.hikari.pool.HikariProxyPreparedStatement.executeQuery(HikariProxyPreparedStatement.java)
	at DAO.AdminAccountDAO.getMonthlyAttendance(AdminAccountDAO.java:101)
	at Controllers.adminAccountController$2.call(adminAccountController.java:165)
	at Controllers.adminAccountController$2.call(adminAccountController.java:1)
	at javafx.concurrent.Task$TaskCallable.call(Task.java:1399)
	at java.base/java.util.concurrent.FutureTask.run(Unknown Source)
	at java.base/java.util.concurrent.ThreadPoolExecutor.runWorker(Unknown Source)
	at java.base/java.util.concurrent.ThreadPoolExecutor$Worker.run(Unknown Source)
	at java.base/java.lang.Thread.run(Unknown Source)
2025-10-08 23:42:16.767 [JavaFX Application Thread] ERROR Controllers.adminAccountController - Failed to load targets
java.sql.SQLSyntaxErrorException: Table 'car_show_room.target' doesn't exist
	at com.mysql.cj.jdbc.exceptions.SQLError.createSQLException(SQLError.java:112)
	at com.mysql.cj.jdbc.exceptions.SQLExceptionsMapping.translateException(SQLExceptionsMapping.java:113)
	at com.mysql.cj.jdbc.ClientPreparedStatement.executeInternal(ClientPreparedStatement.java:938)
	at com.mysql.cj.jdbc.ClientPreparedStatement.executeQuery(ClientPreparedStatement.java:1004)
	at com.zaxxer.hikari.pool.ProxyPreparedStatement.executeQuery(ProxyPreparedStatement.java:52)
	at com.zaxxer.hikari.pool.HikariProxyPreparedStatement.executeQuery(HikariProxyPreparedStatement.java)
	at DAO.AdminAccountDAO.getTargetData(AdminAccountDAO.java:139)
	at Controllers.adminAccountController$3.call(adminAccountController.java:199)
	at Controllers.adminAccountController$3.call(adminAccountController.java:1)
	at javafx.concurrent.Task$TaskCallable.call(Task.java:1399)
	at java.base/java.util.concurrent.FutureTask.run(Unknown Source)
	at java.base/java.util.concurrent.ThreadPoolExecutor.runWorker(Unknown Source)
	at java.base/java.util.concurrent.ThreadPoolExecutor$Worker.run(Unknown Source)
	at java.base/java.lang.Thread.run(Unknown Source)
2025-10-08 23:42:16.768 [JavaFX Application Thread] ERROR Controllers.adminAccountController - Failed to load attendance
java.sql.SQLSyntaxErrorException: Table 'car_show_room.attendance' doesn't exist
	at com.mysql.cj.jdbc.exceptions.SQLError.createSQLException(SQLError.java:112)
	at com.mysql.cj.jdbc.exceptions.SQLExceptionsMapping.translateException(SQLExceptionsMapping.java:113)
	at com.mysql.cj.jdbc.ClientPreparedStatement.executeInternal(ClientPreparedStatement.java:938)
	at com.mysql.cj.jdbc.ClientPreparedStatement.executeQuery(ClientPreparedStatement.java:1004)
	at com.zaxxer.hikari.pool.ProxyPreparedStatement.executeQuery(ProxyPreparedStatement.java:52)
	at com.zaxxer.hikari.pool.HikariProxyPreparedStatement.executeQuery(HikariProxyPreparedStatement.java)
	at DAO.AdminAccountDAO.getMonthlyAttendance(AdminAccountDAO.java:101)
	at Controllers.adminAccountController$2.call(adminAccountController.java:165)
	at Controllers.adminAccountController$2.call(adminAccountController.java:1)
	at javafx.concurrent.Task$TaskCallable.call(Task.java:1399)
	at java.base/java.util.concurrent.FutureTask.run(Unknown Source)
	at java.base/java.util.concurrent.ThreadPoolExecutor.runWorker(Unknown Source)
	at java.base/java.util.concurrent.ThreadPoolExecutor$Worker.run(Unknown Source)
	at java.base/java.lang.Thread.run(Unknown Source)
2025-10-08 23:42:17.415 [JavaFX Application Thread] ERROR Controllers.adminAccountController - Failed to load targets
java.sql.SQLSyntaxErrorException: Table 'car_show_room.target' doesn't exist
	at com.mysql.cj.jdbc.exceptions.SQLError.createSQLException(SQLError.java:112)
	at com.mysql.cj.jdbc.exceptions.SQLExceptionsMapping.translateException(SQLExceptionsMapping.java:113)
	at com.mysql.cj.jdbc.ClientPreparedStatement.executeInternal(ClientPreparedStatement.java:938)
	at com.mysql.cj.jdbc.ClientPreparedStatement.executeQuery(ClientPreparedStatement.java:1004)
	at com.zaxxer.hikari.pool.ProxyPreparedStatement.executeQuery(ProxyPreparedStatement.java:52)
	at com.zaxxer.hikari.pool.HikariProxyPreparedStatement.executeQuery(HikariProxyPreparedStatement.java)
	at DAO.AdminAccountDAO.getTargetData(AdminAccountDAO.java:139)
	at Controllers.adminAccountController$3.call(adminAccountController.java:199)
	at Controllers.adminAccountController$3.call(adminAccountController.java:1)
	at javafx.concurrent.Task$TaskCallable.call(Task.java:1399)
	at java.base/java.util.concurrent.FutureTask.run(Unknown Source)
	at java.base/java.util.concurrent.ThreadPoolExecutor.runWorker(Unknown Source)
	at java.base/java.util.concurrent.ThreadPoolExecutor$Worker.run(Unknown Source)
	at java.base/java.lang.Thread.run(Unknown Source)
2025-10-08 23:42:17.418 [JavaFX Application Thread] ERROR Controllers.adminAccountController - Failed to load attendance
java.sql.SQLSyntaxErrorException: Table 'car_show_room.attendance' doesn't exist
	at com.mysql.cj.jdbc.exceptions.SQLError.createSQLException(SQLError.java:112)
	at com.mysql.cj.jdbc.exceptions.SQLExceptionsMapping.translateException(SQLExceptionsMapping.java:113)
	at com.mysql.cj.jdbc.ClientPreparedStatement.executeInternal(ClientPreparedStatement.java:938)
	at com.mysql.cj.jdbc.ClientPreparedStatement.executeQuery(ClientPreparedStatement.java:1004)
	at com.zaxxer.hikari.pool.ProxyPreparedStatement.executeQuery(ProxyPreparedStatement.java:52)
	at com.zaxxer.hikari.pool.HikariProxyPreparedStatement.executeQuery(HikariProxyPreparedStatement.java)
	at DAO.AdminAccountDAO.getMonthlyAttendance(AdminAccountDAO.java:101)
	at Controllers.adminAccountController$2.call(adminAccountController.java:165)
	at Controllers.adminAccountController$2.call(adminAccountController.java:1)
	at javafx.concurrent.Task$TaskCallable.call(Task.java:1399)
	at java.base/java.util.concurrent.FutureTask.run(Unknown Source)
	at java.base/java.util.concurrent.ThreadPoolExecutor.runWorker(Unknown Source)
	at java.base/java.util.concurrent.ThreadPoolExecutor$Worker.run(Unknown Source)
	at java.base/java.lang.Thread.run(Unknown Source)
2025-10-08 23:42:18.365 [JavaFX Application Thread] ERROR Controllers.adminAccountController - Failed to load attendance
java.sql.SQLSyntaxErrorException: Table 'car_show_room.attendance' doesn't exist
	at com.mysql.cj.jdbc.exceptions.SQLError.createSQLException(SQLError.java:112)
	at com.mysql.cj.jdbc.exceptions.SQLExceptionsMapping.translateException(SQLExceptionsMapping.java:113)
	at com.mysql.cj.jdbc.ClientPreparedStatement.executeInternal(ClientPreparedStatement.java:938)
	at com.mysql.cj.jdbc.ClientPreparedStatement.executeQuery(ClientPreparedStatement.java:1004)
	at com.zaxxer.hikari.pool.ProxyPreparedStatement.executeQuery(ProxyPreparedStatement.java:52)
	at com.zaxxer.hikari.pool.HikariProxyPreparedStatement.executeQuery(HikariProxyPreparedStatement.java)
	at DAO.AdminAccountDAO.getMonthlyAttendance(AdminAccountDAO.java:101)
	at Controllers.adminAccountController$2.call(adminAccountController.java:165)
	at Controllers.adminAccountController$2.call(adminAccountController.java:1)
	at javafx.concurrent.Task$TaskCallable.call(Task.java:1399)
	at java.base/java.util.concurrent.FutureTask.run(Unknown Source)
	at java.base/java.util.concurrent.ThreadPoolExecutor.runWorker(Unknown Source)
	at java.base/java.util.concurrent.ThreadPoolExecutor$Worker.run(Unknown Source)
	at java.base/java.lang.Thread.run(Unknown Source)
2025-10-08 23:42:18.419 [JavaFX Application Thread] ERROR Controllers.adminAccountController - Failed to load targets
java.sql.SQLSyntaxErrorException: Table 'car_show_room.target' doesn't exist
	at com.mysql.cj.jdbc.exceptions.SQLError.createSQLException(SQLError.java:112)
	at com.mysql.cj.jdbc.exceptions.SQLExceptionsMapping.translateException(SQLExceptionsMapping.java:113)
	at com.mysql.cj.jdbc.ClientPreparedStatement.executeInternal(ClientPreparedStatement.java:938)
	at com.mysql.cj.jdbc.ClientPreparedStatement.executeQuery(ClientPreparedStatement.java:1004)
	at com.zaxxer.hikari.pool.ProxyPreparedStatement.executeQuery(ProxyPreparedStatement.java:52)
	at com.zaxxer.hikari.pool.HikariProxyPreparedStatement.executeQuery(HikariProxyPreparedStatement.java)
	at DAO.AdminAccountDAO.getTargetData(AdminAccountDAO.java:139)
	at Controllers.adminAccountController$3.call(adminAccountController.java:199)
	at Controllers.adminAccountController$3.call(adminAccountController.java:1)
	at javafx.concurrent.Task$TaskCallable.call(Task.java:1399)
	at java.base/java.util.concurrent.FutureTask.run(Unknown Source)
	at java.base/java.util.concurrent.ThreadPoolExecutor.runWorker(Unknown Source)
	at java.base/java.util.concurrent.ThreadPoolExecutor$Worker.run(Unknown Source)
	at java.base/java.lang.Thread.run(Unknown Source)
2025-10-08 23:42:18.949 [JavaFX Application Thread] ERROR Controllers.adminAccountController - Failed to load attendance
java.sql.SQLSyntaxErrorException: Table 'car_show_room.attendance' doesn't exist
	at com.mysql.cj.jdbc.exceptions.SQLError.createSQLException(SQLError.java:112)
	at com.mysql.cj.jdbc.exceptions.SQLExceptionsMapping.translateException(SQLExceptionsMapping.java:113)
	at com.mysql.cj.jdbc.ClientPreparedStatement.executeInternal(ClientPreparedStatement.java:938)
	at com.mysql.cj.jdbc.ClientPreparedStatement.executeQuery(ClientPreparedStatement.java:1004)
	at com.zaxxer.hikari.pool.ProxyPreparedStatement.executeQuery(ProxyPreparedStatement.java:52)
	at com.zaxxer.hikari.pool.HikariProxyPreparedStatement.executeQuery(HikariProxyPreparedStatement.java)
	at DAO.AdminAccountDAO.getMonthlyAttendance(AdminAccountDAO.java:101)
	at Controllers.adminAccountController$2.call(adminAccountController.java:165)
	at Controllers.adminAccountController$2.call(adminAccountController.java:1)
	at javafx.concurrent.Task$TaskCallable.call(Task.java:1399)
	at java.base/java.util.concurrent.FutureTask.run(Unknown Source)
	at java.base/java.util.concurrent.ThreadPoolExecutor.runWorker(Unknown Source)
	at java.base/java.util.concurrent.ThreadPoolExecutor$Worker.run(Unknown Source)
	at java.base/java.lang.Thread.run(Unknown Source)
2025-10-08 23:42:18.952 [JavaFX Application Thread] ERROR Controllers.adminAccountController - Failed to load targets
java.sql.SQLSyntaxErrorException: Table 'car_show_room.target' doesn't exist
	at com.mysql.cj.jdbc.exceptions.SQLError.createSQLException(SQLError.java:112)
	at com.mysql.cj.jdbc.exceptions.SQLExceptionsMapping.translateException(SQLExceptionsMapping.java:113)
	at com.mysql.cj.jdbc.ClientPreparedStatement.executeInternal(ClientPreparedStatement.java:938)
	at com.mysql.cj.jdbc.ClientPreparedStatement.executeQuery(ClientPreparedStatement.java:1004)
	at com.zaxxer.hikari.pool.ProxyPreparedStatement.executeQuery(ProxyPreparedStatement.java:52)
	at com.zaxxer.hikari.pool.HikariProxyPreparedStatement.executeQuery(HikariProxyPreparedStatement.java)
	at DAO.AdminAccountDAO.getTargetData(AdminAccountDAO.java:139)
	at Controllers.adminAccountController$3.call(adminAccountController.java:199)
	at Controllers.adminAccountController$3.call(adminAccountController.java:1)
	at javafx.concurrent.Task$TaskCallable.call(Task.java:1399)
	at java.base/java.util.concurrent.FutureTask.run(Unknown Source)
	at java.base/java.util.concurrent.ThreadPoolExecutor.runWorker(Unknown Source)
	at java.base/java.util.concurrent.ThreadPoolExecutor$Worker.run(Unknown Source)
	at java.base/java.lang.Thread.run(Unknown Source)
2025-10-08 23:42:19.077 [JavaFX Application Thread] ERROR Controllers.adminAccountController - Failed to load targets
java.sql.SQLSyntaxErrorException: Table 'car_show_room.target' doesn't exist
	at com.mysql.cj.jdbc.exceptions.SQLError.createSQLException(SQLError.java:112)
	at com.mysql.cj.jdbc.exceptions.SQLExceptionsMapping.translateException(SQLExceptionsMapping.java:113)
	at com.mysql.cj.jdbc.ClientPreparedStatement.executeInternal(ClientPreparedStatement.java:938)
	at com.mysql.cj.jdbc.ClientPreparedStatement.executeQuery(ClientPreparedStatement.java:1004)
	at com.zaxxer.hikari.pool.ProxyPreparedStatement.executeQuery(ProxyPreparedStatement.java:52)
	at com.zaxxer.hikari.pool.HikariProxyPreparedStatement.executeQuery(HikariProxyPreparedStatement.java)
	at DAO.AdminAccountDAO.getTargetData(AdminAccountDAO.java:139)
	at Controllers.adminAccountController$3.call(adminAccountController.java:199)
	at Controllers.adminAccountController$3.call(adminAccountController.java:1)
	at javafx.concurrent.Task$TaskCallable.call(Task.java:1399)
	at java.base/java.util.concurrent.FutureTask.run(Unknown Source)
	at java.base/java.util.concurrent.ThreadPoolExecutor.runWorker(Unknown Source)
	at java.base/java.util.concurrent.ThreadPoolExecutor$Worker.run(Unknown Source)
	at java.base/java.lang.Thread.run(Unknown Source)
2025-10-08 23:42:19.149 [JavaFX Application Thread] ERROR Controllers.adminAccountController - Failed to load attendance
java.sql.SQLSyntaxErrorException: Table 'car_show_room.attendance' doesn't exist
	at com.mysql.cj.jdbc.exceptions.SQLError.createSQLException(SQLError.java:112)
	at com.mysql.cj.jdbc.exceptions.SQLExceptionsMapping.translateException(SQLExceptionsMapping.java:113)
	at com.mysql.cj.jdbc.ClientPreparedStatement.executeInternal(ClientPreparedStatement.java:938)
	at com.mysql.cj.jdbc.ClientPreparedStatement.executeQuery(ClientPreparedStatement.java:1004)
	at com.zaxxer.hikari.pool.ProxyPreparedStatement.executeQuery(ProxyPreparedStatement.java:52)
	at com.zaxxer.hikari.pool.HikariProxyPreparedStatement.executeQuery(HikariProxyPreparedStatement.java)
	at DAO.AdminAccountDAO.getMonthlyAttendance(AdminAccountDAO.java:101)
	at Controllers.adminAccountController$2.call(adminAccountController.java:165)
	at Controllers.adminAccountController$2.call(adminAccountController.java:1)
	at javafx.concurrent.Task$TaskCallable.call(Task.java:1399)
	at java.base/java.util.concurrent.FutureTask.run(Unknown Source)
	at java.base/java.util.concurrent.ThreadPoolExecutor.runWorker(Unknown Source)
	at java.base/java.util.concurrent.ThreadPoolExecutor$Worker.run(Unknown Source)
	at java.base/java.lang.Thread.run(Unknown Source)
2025-10-08 23:42:19.203 [JavaFX Application Thread] ERROR Controllers.adminAccountController - Failed to load targets
java.sql.SQLSyntaxErrorException: Table 'car_show_room.target' doesn't exist
	at com.mysql.cj.jdbc.exceptions.SQLError.createSQLException(SQLError.java:112)
	at com.mysql.cj.jdbc.exceptions.SQLExceptionsMapping.translateException(SQLExceptionsMapping.java:113)
	at com.mysql.cj.jdbc.ClientPreparedStatement.executeInternal(ClientPreparedStatement.java:938)
	at com.mysql.cj.jdbc.ClientPreparedStatement.executeQuery(ClientPreparedStatement.java:1004)
	at com.zaxxer.hikari.pool.ProxyPreparedStatement.executeQuery(ProxyPreparedStatement.java:52)
	at com.zaxxer.hikari.pool.HikariProxyPreparedStatement.executeQuery(HikariProxyPreparedStatement.java)
	at DAO.AdminAccountDAO.getTargetData(AdminAccountDAO.java:139)
	at Controllers.adminAccountController$3.call(adminAccountController.java:199)
	at Controllers.adminAccountController$3.call(adminAccountController.java:1)
	at javafx.concurrent.Task$TaskCallable.call(Task.java:1399)
	at java.base/java.util.concurrent.FutureTask.run(Unknown Source)
	at java.base/java.util.concurrent.ThreadPoolExecutor.runWorker(Unknown Source)
	at java.base/java.util.concurrent.ThreadPoolExecutor$Worker.run(Unknown Source)
	at java.base/java.lang.Thread.run(Unknown Source)
2025-10-08 23:42:19.251 [JavaFX Application Thread] ERROR Controllers.adminAccountController - Failed to load attendance
java.sql.SQLSyntaxErrorException: Table 'car_show_room.attendance' doesn't exist
	at com.mysql.cj.jdbc.exceptions.SQLError.createSQLException(SQLError.java:112)
	at com.mysql.cj.jdbc.exceptions.SQLExceptionsMapping.translateException(SQLExceptionsMapping.java:113)
	at com.mysql.cj.jdbc.ClientPreparedStatement.executeInternal(ClientPreparedStatement.java:938)
	at com.mysql.cj.jdbc.ClientPreparedStatement.executeQuery(ClientPreparedStatement.java:1004)
	at com.zaxxer.hikari.pool.ProxyPreparedStatement.executeQuery(ProxyPreparedStatement.java:52)
	at com.zaxxer.hikari.pool.HikariProxyPreparedStatement.executeQuery(HikariProxyPreparedStatement.java)
	at DAO.AdminAccountDAO.getMonthlyAttendance(AdminAccountDAO.java:101)
	at Controllers.adminAccountController$2.call(adminAccountController.java:165)
	at Controllers.adminAccountController$2.call(adminAccountController.java:1)
	at javafx.concurrent.Task$TaskCallable.call(Task.java:1399)
	at java.base/java.util.concurrent.FutureTask.run(Unknown Source)
	at java.base/java.util.concurrent.ThreadPoolExecutor.runWorker(Unknown Source)
	at java.base/java.util.concurrent.ThreadPoolExecutor$Worker.run(Unknown Source)
	at java.base/java.lang.Thread.run(Unknown Source)
2025-10-08 23:42:20.094 [JavaFX Application Thread] ERROR Controllers.adminAccountController - Failed to load attendance
java.sql.SQLSyntaxErrorException: Table 'car_show_room.attendance' doesn't exist
	at com.mysql.cj.jdbc.exceptions.SQLError.createSQLException(SQLError.java:112)
	at com.mysql.cj.jdbc.exceptions.SQLExceptionsMapping.translateException(SQLExceptionsMapping.java:113)
	at com.mysql.cj.jdbc.ClientPreparedStatement.executeInternal(ClientPreparedStatement.java:938)
	at com.mysql.cj.jdbc.ClientPreparedStatement.executeQuery(ClientPreparedStatement.java:1004)
	at com.zaxxer.hikari.pool.ProxyPreparedStatement.executeQuery(ProxyPreparedStatement.java:52)
	at com.zaxxer.hikari.pool.HikariProxyPreparedStatement.executeQuery(HikariProxyPreparedStatement.java)
	at DAO.AdminAccountDAO.getMonthlyAttendance(AdminAccountDAO.java:101)
	at Controllers.adminAccountController$2.call(adminAccountController.java:165)
	at Controllers.adminAccountController$2.call(adminAccountController.java:1)
	at javafx.concurrent.Task$TaskCallable.call(Task.java:1399)
	at java.base/java.util.concurrent.FutureTask.run(Unknown Source)
	at java.base/java.util.concurrent.ThreadPoolExecutor.runWorker(Unknown Source)
	at java.base/java.util.concurrent.ThreadPoolExecutor$Worker.run(Unknown Source)
	at java.base/java.lang.Thread.run(Unknown Source)
2025-10-08 23:42:20.132 [JavaFX Application Thread] ERROR Controllers.adminAccountController - Failed to load targets
java.sql.SQLSyntaxErrorException: Table 'car_show_room.target' doesn't exist
	at com.mysql.cj.jdbc.exceptions.SQLError.createSQLException(SQLError.java:112)
	at com.mysql.cj.jdbc.exceptions.SQLExceptionsMapping.translateException(SQLExceptionsMapping.java:113)
	at com.mysql.cj.jdbc.ClientPreparedStatement.executeInternal(ClientPreparedStatement.java:938)
	at com.mysql.cj.jdbc.ClientPreparedStatement.executeQuery(ClientPreparedStatement.java:1004)
	at com.zaxxer.hikari.pool.ProxyPreparedStatement.executeQuery(ProxyPreparedStatement.java:52)
	at com.zaxxer.hikari.pool.HikariProxyPreparedStatement.executeQuery(HikariProxyPreparedStatement.java)
	at DAO.AdminAccountDAO.getTargetData(AdminAccountDAO.java:139)
	at Controllers.adminAccountController$3.call(adminAccountController.java:199)
	at Controllers.adminAccountController$3.call(adminAccountController.java:1)
	at javafx.concurrent.Task$TaskCallable.call(Task.java:1399)
	at java.base/java.util.concurrent.FutureTask.run(Unknown Source)
	at java.base/java.util.concurrent.ThreadPoolExecutor.runWorker(Unknown Source)
	at java.base/java.util.concurrent.ThreadPoolExecutor$Worker.run(Unknown Source)
	at java.base/java.lang.Thread.run(Unknown Source)
2025-10-08 23:42:20.464 [JavaFX Application Thread] ERROR Controllers.adminAccountController - Failed to load targets
java.sql.SQLSyntaxErrorException: Table 'car_show_room.target' doesn't exist
	at com.mysql.cj.jdbc.exceptions.SQLError.createSQLException(SQLError.java:112)
	at com.mysql.cj.jdbc.exceptions.SQLExceptionsMapping.translateException(SQLExceptionsMapping.java:113)
	at com.mysql.cj.jdbc.ClientPreparedStatement.executeInternal(ClientPreparedStatement.java:938)
	at com.mysql.cj.jdbc.ClientPreparedStatement.executeQuery(ClientPreparedStatement.java:1004)
	at com.zaxxer.hikari.pool.ProxyPreparedStatement.executeQuery(ProxyPreparedStatement.java:52)
	at com.zaxxer.hikari.pool.HikariProxyPreparedStatement.executeQuery(HikariProxyPreparedStatement.java)
	at DAO.AdminAccountDAO.getTargetData(AdminAccountDAO.java:139)
	at Controllers.adminAccountController$3.call(adminAccountController.java:199)
	at Controllers.adminAccountController$3.call(adminAccountController.java:1)
	at javafx.concurrent.Task$TaskCallable.call(Task.java:1399)
	at java.base/java.util.concurrent.FutureTask.run(Unknown Source)
	at java.base/java.util.concurrent.ThreadPoolExecutor.runWorker(Unknown Source)
	at java.base/java.util.concurrent.ThreadPoolExecutor$Worker.run(Unknown Source)
	at java.base/java.lang.Thread.run(Unknown Source)
2025-10-08 23:42:20.518 [JavaFX Application Thread] ERROR Controllers.adminAccountController - Failed to load attendance
java.sql.SQLSyntaxErrorException: Table 'car_show_room.attendance' doesn't exist
	at com.mysql.cj.jdbc.exceptions.SQLError.createSQLException(SQLError.java:112)
	at com.mysql.cj.jdbc.exceptions.SQLExceptionsMapping.translateException(SQLExceptionsMapping.java:113)
	at com.mysql.cj.jdbc.ClientPreparedStatement.executeInternal(ClientPreparedStatement.java:938)
	at com.mysql.cj.jdbc.ClientPreparedStatement.executeQuery(ClientPreparedStatement.java:1004)
	at com.zaxxer.hikari.pool.ProxyPreparedStatement.executeQuery(ProxyPreparedStatement.java:52)
	at com.zaxxer.hikari.pool.HikariProxyPreparedStatement.executeQuery(HikariProxyPreparedStatement.java)
	at DAO.AdminAccountDAO.getMonthlyAttendance(AdminAccountDAO.java:101)
	at Controllers.adminAccountController$2.call(adminAccountController.java:165)
	at Controllers.adminAccountController$2.call(adminAccountController.java:1)
	at javafx.concurrent.Task$TaskCallable.call(Task.java:1399)
	at java.base/java.util.concurrent.FutureTask.run(Unknown Source)
	at java.base/java.util.concurrent.ThreadPoolExecutor.runWorker(Unknown Source)
	at java.base/java.util.concurrent.ThreadPoolExecutor$Worker.run(Unknown Source)
	at java.base/java.lang.Thread.run(Unknown Source)
2025-10-08 23:42:21.844 [JavaFX Application Thread] ERROR Controllers.adminAccountController - Failed to load targets
java.sql.SQLSyntaxErrorException: Table 'car_show_room.target' doesn't exist
	at com.mysql.cj.jdbc.exceptions.SQLError.createSQLException(SQLError.java:112)
	at com.mysql.cj.jdbc.exceptions.SQLExceptionsMapping.translateException(SQLExceptionsMapping.java:113)
	at com.mysql.cj.jdbc.ClientPreparedStatement.executeInternal(ClientPreparedStatement.java:938)
	at com.mysql.cj.jdbc.ClientPreparedStatement.executeQuery(ClientPreparedStatement.java:1004)
	at com.zaxxer.hikari.pool.ProxyPreparedStatement.executeQuery(ProxyPreparedStatement.java:52)
	at com.zaxxer.hikari.pool.HikariProxyPreparedStatement.executeQuery(HikariProxyPreparedStatement.java)
	at DAO.AdminAccountDAO.getTargetData(AdminAccountDAO.java:139)
	at Controllers.adminAccountController$3.call(adminAccountController.java:199)
	at Controllers.adminAccountController$3.call(adminAccountController.java:1)
	at javafx.concurrent.Task$TaskCallable.call(Task.java:1399)
	at java.base/java.util.concurrent.FutureTask.run(Unknown Source)
	at java.base/java.util.concurrent.ThreadPoolExecutor.runWorker(Unknown Source)
	at java.base/java.util.concurrent.ThreadPoolExecutor$Worker.run(Unknown Source)
	at java.base/java.lang.Thread.run(Unknown Source)
2025-10-08 23:42:21.964 [JavaFX Application Thread] ERROR Controllers.adminAccountController - Failed to load attendance
java.sql.SQLSyntaxErrorException: Table 'car_show_room.attendance' doesn't exist
	at com.mysql.cj.jdbc.exceptions.SQLError.createSQLException(SQLError.java:112)
	at com.mysql.cj.jdbc.exceptions.SQLExceptionsMapping.translateException(SQLExceptionsMapping.java:113)
	at com.mysql.cj.jdbc.ClientPreparedStatement.executeInternal(ClientPreparedStatement.java:938)
	at com.mysql.cj.jdbc.ClientPreparedStatement.executeQuery(ClientPreparedStatement.java:1004)
	at com.zaxxer.hikari.pool.ProxyPreparedStatement.executeQuery(ProxyPreparedStatement.java:52)
	at com.zaxxer.hikari.pool.HikariProxyPreparedStatement.executeQuery(HikariProxyPreparedStatement.java)
	at DAO.AdminAccountDAO.getMonthlyAttendance(AdminAccountDAO.java:101)
	at Controllers.adminAccountController$2.call(adminAccountController.java:165)
	at Controllers.adminAccountController$2.call(adminAccountController.java:1)
	at javafx.concurrent.Task$TaskCallable.call(Task.java:1399)
	at java.base/java.util.concurrent.FutureTask.run(Unknown Source)
	at java.base/java.util.concurrent.ThreadPoolExecutor.runWorker(Unknown Source)
	at java.base/java.util.concurrent.ThreadPoolExecutor$Worker.run(Unknown Source)
	at java.base/java.lang.Thread.run(Unknown Source)
2025-10-08 23:42:22.202 [JavaFX Application Thread] ERROR Controllers.adminAccountController - Failed to load targets
java.sql.SQLSyntaxErrorException: Table 'car_show_room.target' doesn't exist
	at com.mysql.cj.jdbc.exceptions.SQLError.createSQLException(SQLError.java:112)
	at com.mysql.cj.jdbc.exceptions.SQLExceptionsMapping.translateException(SQLExceptionsMapping.java:113)
	at com.mysql.cj.jdbc.ClientPreparedStatement.executeInternal(ClientPreparedStatement.java:938)
	at com.mysql.cj.jdbc.ClientPreparedStatement.executeQuery(ClientPreparedStatement.java:1004)
	at com.zaxxer.hikari.pool.ProxyPreparedStatement.executeQuery(ProxyPreparedStatement.java:52)
	at com.zaxxer.hikari.pool.HikariProxyPreparedStatement.executeQuery(HikariProxyPreparedStatement.java)
	at DAO.AdminAccountDAO.getTargetData(AdminAccountDAO.java:139)
	at Controllers.adminAccountController$3.call(adminAccountController.java:199)
	at Controllers.adminAccountController$3.call(adminAccountController.java:1)
	at javafx.concurrent.Task$TaskCallable.call(Task.java:1399)
	at java.base/java.util.concurrent.FutureTask.run(Unknown Source)
	at java.base/java.util.concurrent.ThreadPoolExecutor.runWorker(Unknown Source)
	at java.base/java.util.concurrent.ThreadPoolExecutor$Worker.run(Unknown Source)
	at java.base/java.lang.Thread.run(Unknown Source)
2025-10-08 23:42:22.270 [JavaFX Application Thread] ERROR Controllers.adminAccountController - Failed to load attendance
java.sql.SQLSyntaxErrorException: Table 'car_show_room.attendance' doesn't exist
	at com.mysql.cj.jdbc.exceptions.SQLError.createSQLException(SQLError.java:112)
	at com.mysql.cj.jdbc.exceptions.SQLExceptionsMapping.translateException(SQLExceptionsMapping.java:113)
	at com.mysql.cj.jdbc.ClientPreparedStatement.executeInternal(ClientPreparedStatement.java:938)
	at com.mysql.cj.jdbc.ClientPreparedStatement.executeQuery(ClientPreparedStatement.java:1004)
	at com.zaxxer.hikari.pool.ProxyPreparedStatement.executeQuery(ProxyPreparedStatement.java:52)
	at com.zaxxer.hikari.pool.HikariProxyPreparedStatement.executeQuery(HikariProxyPreparedStatement.java)
	at DAO.AdminAccountDAO.getMonthlyAttendance(AdminAccountDAO.java:101)
	at Controllers.adminAccountController$2.call(adminAccountController.java:165)
	at Controllers.adminAccountController$2.call(adminAccountController.java:1)
	at javafx.concurrent.Task$TaskCallable.call(Task.java:1399)
	at java.base/java.util.concurrent.FutureTask.run(Unknown Source)
	at java.base/java.util.concurrent.ThreadPoolExecutor.runWorker(Unknown Source)
	at java.base/java.util.concurrent.ThreadPoolExecutor$Worker.run(Unknown Source)
	at java.base/java.lang.Thread.run(Unknown Source)
2025-10-08 23:42:24.757 [JavaFX Application Thread] ERROR Controllers.adminAccountController - Failed to load attendance
java.sql.SQLSyntaxErrorException: Table 'car_show_room.attendance' doesn't exist
	at com.mysql.cj.jdbc.exceptions.SQLError.createSQLException(SQLError.java:112)
	at com.mysql.cj.jdbc.exceptions.SQLExceptionsMapping.translateException(SQLExceptionsMapping.java:113)
	at com.mysql.cj.jdbc.ClientPreparedStatement.executeInternal(ClientPreparedStatement.java:938)
	at com.mysql.cj.jdbc.ClientPreparedStatement.executeQuery(ClientPreparedStatement.java:1004)
	at com.zaxxer.hikari.pool.ProxyPreparedStatement.executeQuery(ProxyPreparedStatement.java:52)
	at com.zaxxer.hikari.pool.HikariProxyPreparedStatement.executeQuery(HikariProxyPreparedStatement.java)
	at DAO.AdminAccountDAO.getMonthlyAttendance(AdminAccountDAO.java:101)
	at Controllers.adminAccountController$2.call(adminAccountController.java:165)
	at Controllers.adminAccountController$2.call(adminAccountController.java:1)
	at javafx.concurrent.Task$TaskCallable.call(Task.java:1399)
	at java.base/java.util.concurrent.FutureTask.run(Unknown Source)
	at java.base/java.util.concurrent.ThreadPoolExecutor.runWorker(Unknown Source)
	at java.base/java.util.concurrent.ThreadPoolExecutor$Worker.run(Unknown Source)
	at java.base/java.lang.Thread.run(Unknown Source)
2025-10-08 23:42:24.824 [JavaFX Application Thread] ERROR Controllers.adminAccountController - Failed to load targets
java.sql.SQLSyntaxErrorException: Table 'car_show_room.target' doesn't exist
	at com.mysql.cj.jdbc.exceptions.SQLError.createSQLException(SQLError.java:112)
	at com.mysql.cj.jdbc.exceptions.SQLExceptionsMapping.translateException(SQLExceptionsMapping.java:113)
	at com.mysql.cj.jdbc.ClientPreparedStatement.executeInternal(ClientPreparedStatement.java:938)
	at com.mysql.cj.jdbc.ClientPreparedStatement.executeQuery(ClientPreparedStatement.java:1004)
	at com.zaxxer.hikari.pool.ProxyPreparedStatement.executeQuery(ProxyPreparedStatement.java:52)
	at com.zaxxer.hikari.pool.HikariProxyPreparedStatement.executeQuery(HikariProxyPreparedStatement.java)
	at DAO.AdminAccountDAO.getTargetData(AdminAccountDAO.java:139)
	at Controllers.adminAccountController$3.call(adminAccountController.java:199)
	at Controllers.adminAccountController$3.call(adminAccountController.java:1)
	at javafx.concurrent.Task$TaskCallable.call(Task.java:1399)
	at java.base/java.util.concurrent.FutureTask.run(Unknown Source)
	at java.base/java.util.concurrent.ThreadPoolExecutor.runWorker(Unknown Source)
	at java.base/java.util.concurrent.ThreadPoolExecutor$Worker.run(Unknown Source)
	at java.base/java.lang.Thread.run(Unknown Source)
2025-10-08 23:42:25.999 [JavaFX Application Thread] ERROR Controllers.adminAccountController - Failed to load attendance
java.sql.SQLSyntaxErrorException: Table 'car_show_room.attendance' doesn't exist
	at com.mysql.cj.jdbc.exceptions.SQLError.createSQLException(SQLError.java:112)
	at com.mysql.cj.jdbc.exceptions.SQLExceptionsMapping.translateException(SQLExceptionsMapping.java:113)
	at com.mysql.cj.jdbc.ClientPreparedStatement.executeInternal(ClientPreparedStatement.java:938)
	at com.mysql.cj.jdbc.ClientPreparedStatement.executeQuery(ClientPreparedStatement.java:1004)
	at com.zaxxer.hikari.pool.ProxyPreparedStatement.executeQuery(ProxyPreparedStatement.java:52)
	at com.zaxxer.hikari.pool.HikariProxyPreparedStatement.executeQuery(HikariProxyPreparedStatement.java)
	at DAO.AdminAccountDAO.getMonthlyAttendance(AdminAccountDAO.java:101)
	at Controllers.adminAccountController$2.call(adminAccountController.java:165)
	at Controllers.adminAccountController$2.call(adminAccountController.java:1)
	at javafx.concurrent.Task$TaskCallable.call(Task.java:1399)
	at java.base/java.util.concurrent.FutureTask.run(Unknown Source)
	at java.base/java.util.concurrent.ThreadPoolExecutor.runWorker(Unknown Source)
	at java.base/java.util.concurrent.ThreadPoolExecutor$Worker.run(Unknown Source)
	at java.base/java.lang.Thread.run(Unknown Source)
2025-10-08 23:42:26.002 [JavaFX Application Thread] ERROR Controllers.adminAccountController - Failed to load targets
java.sql.SQLSyntaxErrorException: Table 'car_show_room.target' doesn't exist
	at com.mysql.cj.jdbc.exceptions.SQLError.createSQLException(SQLError.java:112)
	at com.mysql.cj.jdbc.exceptions.SQLExceptionsMapping.translateException(SQLExceptionsMapping.java:113)
	at com.mysql.cj.jdbc.ClientPreparedStatement.executeInternal(ClientPreparedStatement.java:938)
	at com.mysql.cj.jdbc.ClientPreparedStatement.executeQuery(ClientPreparedStatement.java:1004)
	at com.zaxxer.hikari.pool.ProxyPreparedStatement.executeQuery(ProxyPreparedStatement.java:52)
	at com.zaxxer.hikari.pool.HikariProxyPreparedStatement.executeQuery(HikariProxyPreparedStatement.java)
	at DAO.AdminAccountDAO.getTargetData(AdminAccountDAO.java:139)
	at Controllers.adminAccountController$3.call(adminAccountController.java:199)
	at Controllers.adminAccountController$3.call(adminAccountController.java:1)
	at javafx.concurrent.Task$TaskCallable.call(Task.java:1399)
	at java.base/java.util.concurrent.FutureTask.run(Unknown Source)
	at java.base/java.util.concurrent.ThreadPoolExecutor.runWorker(Unknown Source)
	at java.base/java.util.concurrent.ThreadPoolExecutor$Worker.run(Unknown Source)
	at java.base/java.lang.Thread.run(Unknown Source)
2025-10-08 23:42:27.764 [JavaFX Application Thread] ERROR Controllers.adminAccountController - Failed to load targets
java.sql.SQLSyntaxErrorException: Table 'car_show_room.target' doesn't exist
	at com.mysql.cj.jdbc.exceptions.SQLError.createSQLException(SQLError.java:112)
	at com.mysql.cj.jdbc.exceptions.SQLExceptionsMapping.translateException(SQLExceptionsMapping.java:113)
	at com.mysql.cj.jdbc.ClientPreparedStatement.executeInternal(ClientPreparedStatement.java:938)
	at com.mysql.cj.jdbc.ClientPreparedStatement.executeQuery(ClientPreparedStatement.java:1004)
	at com.zaxxer.hikari.pool.ProxyPreparedStatement.executeQuery(ProxyPreparedStatement.java:52)
	at com.zaxxer.hikari.pool.HikariProxyPreparedStatement.executeQuery(HikariProxyPreparedStatement.java)
	at DAO.AdminAccountDAO.getTargetData(AdminAccountDAO.java:139)
	at Controllers.adminAccountController$3.call(adminAccountController.java:199)
	at Controllers.adminAccountController$3.call(adminAccountController.java:1)
	at javafx.concurrent.Task$TaskCallable.call(Task.java:1399)
	at java.base/java.util.concurrent.FutureTask.run(Unknown Source)
	at java.base/java.util.concurrent.ThreadPoolExecutor.runWorker(Unknown Source)
	at java.base/java.util.concurrent.ThreadPoolExecutor$Worker.run(Unknown Source)
	at java.base/java.lang.Thread.run(Unknown Source)
2025-10-08 23:42:27.831 [JavaFX Application Thread] ERROR Controllers.adminAccountController - Failed to load attendance
java.sql.SQLSyntaxErrorException: Table 'car_show_room.attendance' doesn't exist
	at com.mysql.cj.jdbc.exceptions.SQLError.createSQLException(SQLError.java:112)
	at com.mysql.cj.jdbc.exceptions.SQLExceptionsMapping.translateException(SQLExceptionsMapping.java:113)
	at com.mysql.cj.jdbc.ClientPreparedStatement.executeInternal(ClientPreparedStatement.java:938)
	at com.mysql.cj.jdbc.ClientPreparedStatement.executeQuery(ClientPreparedStatement.java:1004)
	at com.zaxxer.hikari.pool.ProxyPreparedStatement.executeQuery(ProxyPreparedStatement.java:52)
	at com.zaxxer.hikari.pool.HikariProxyPreparedStatement.executeQuery(HikariProxyPreparedStatement.java)
	at DAO.AdminAccountDAO.getMonthlyAttendance(AdminAccountDAO.java:101)
	at Controllers.adminAccountController$2.call(adminAccountController.java:165)
	at Controllers.adminAccountController$2.call(adminAccountController.java:1)
	at javafx.concurrent.Task$TaskCallable.call(Task.java:1399)
	at java.base/java.util.concurrent.FutureTask.run(Unknown Source)
	at java.base/java.util.concurrent.ThreadPoolExecutor.runWorker(Unknown Source)
	at java.base/java.util.concurrent.ThreadPoolExecutor$Worker.run(Unknown Source)
	at java.base/java.lang.Thread.run(Unknown Source)
2025-10-08 23:46:15.075 [JavaFX Application Thread] INFO  Utils.ThreadPoolManager - Thread pool manager initialized
2025-10-08 23:46:15.118 [Thread-768] INFO  com.zaxxer.hikari.HikariDataSource - HikariPool-1 - Starting...
2025-10-08 23:46:18.338 [Thread-768] INFO  com.zaxxer.hikari.pool.HikariPool - HikariPool-1 - Added connection com.mysql.cj.jdbc.ConnectionImpl@645af341
2025-10-08 23:46:18.342 [Thread-768] INFO  com.zaxxer.hikari.HikariDataSource - HikariPool-1 - Start completed.
2025-10-08 23:46:18.343 [Thread-768] INFO  Database.DatabaseConnectionManager - Database connection pool initialized successfully
2025-10-08 23:46:18.615 [Thread-768] INFO  Controllers.loginController - User admin logged in successfully with role: admin
2025-10-08 23:46:22.530 [Thread-2118] DEBUG DAO.AdminAccountDAO - AdminAccountDAO initialized with connection from pool
2025-10-08 23:46:23.964 [JavaFX Application Thread] ERROR Controllers.adminAccountController - Failed to load targets
java.sql.SQLSyntaxErrorException: Table 'car_show_room.target' doesn't exist
	at mysql.connector.j@8.4.0/com.mysql.cj.jdbc.exceptions.SQLError.createSQLException(SQLError.java:112)
	at mysql.connector.j@8.4.0/com.mysql.cj.jdbc.exceptions.SQLExceptionsMapping.translateException(SQLExceptionsMapping.java:113)
	at mysql.connector.j@8.4.0/com.mysql.cj.jdbc.ClientPreparedStatement.executeInternal(ClientPreparedStatement.java:938)
	at mysql.connector.j@8.4.0/com.mysql.cj.jdbc.ClientPreparedStatement.executeQuery(ClientPreparedStatement.java:1004)
	at com.zaxxer.hikari@5.1.0/com.zaxxer.hikari.pool.ProxyPreparedStatement.executeQuery(ProxyPreparedStatement.java:52)
	at com.zaxxer.hikari@5.1.0/com.zaxxer.hikari.pool.HikariProxyPreparedStatement.executeQuery(HikariProxyPreparedStatement.java)
	at Porsche/DAO.AdminAccountDAO.getTargetData(AdminAccountDAO.java:139)
	at Porsche/Controllers.adminAccountController$3.call(adminAccountController.java:199)
	at Porsche/Controllers.adminAccountController$3.call(adminAccountController.java:196)
	at javafx.graphics@21.0.6/javafx.concurrent.Task$TaskCallable.call(Task.java:1399)
	at java.base/java.util.concurrent.FutureTask.run(FutureTask.java:328)
	at java.base/java.util.concurrent.ThreadPoolExecutor.runWorker(ThreadPoolExecutor.java:1095)
	at java.base/java.util.concurrent.ThreadPoolExecutor$Worker.run(ThreadPoolExecutor.java:619)
	at java.base/java.lang.Thread.run(Thread.java:1447)
2025-10-08 23:46:24.020 [JavaFX Application Thread] ERROR Controllers.adminAccountController - Failed to load attendance
java.sql.SQLSyntaxErrorException: Table 'car_show_room.attendance' doesn't exist
	at mysql.connector.j@8.4.0/com.mysql.cj.jdbc.exceptions.SQLError.createSQLException(SQLError.java:112)
	at mysql.connector.j@8.4.0/com.mysql.cj.jdbc.exceptions.SQLExceptionsMapping.translateException(SQLExceptionsMapping.java:113)
	at mysql.connector.j@8.4.0/com.mysql.cj.jdbc.ClientPreparedStatement.executeInternal(ClientPreparedStatement.java:938)
	at mysql.connector.j@8.4.0/com.mysql.cj.jdbc.ClientPreparedStatement.executeQuery(ClientPreparedStatement.java:1004)
	at com.zaxxer.hikari@5.1.0/com.zaxxer.hikari.pool.ProxyPreparedStatement.executeQuery(ProxyPreparedStatement.java:52)
	at com.zaxxer.hikari@5.1.0/com.zaxxer.hikari.pool.HikariProxyPreparedStatement.executeQuery(HikariProxyPreparedStatement.java)
	at Porsche/DAO.AdminAccountDAO.getMonthlyAttendance(AdminAccountDAO.java:101)
	at Porsche/Controllers.adminAccountController$2.call(adminAccountController.java:165)
	at Porsche/Controllers.adminAccountController$2.call(adminAccountController.java:162)
	at javafx.graphics@21.0.6/javafx.concurrent.Task$TaskCallable.call(Task.java:1399)
	at java.base/java.util.concurrent.FutureTask.run(FutureTask.java:328)
	at java.base/java.util.concurrent.ThreadPoolExecutor.runWorker(ThreadPoolExecutor.java:1095)
	at java.base/java.util.concurrent.ThreadPoolExecutor$Worker.run(ThreadPoolExecutor.java:619)
	at java.base/java.lang.Thread.run(Thread.java:1447)
2025-10-08 23:46:25.431 [JavaFX Application Thread] ERROR Controllers.adminAccountController - Failed to load attendance
java.sql.SQLSyntaxErrorException: Table 'car_show_room.attendance' doesn't exist
	at mysql.connector.j@8.4.0/com.mysql.cj.jdbc.exceptions.SQLError.createSQLException(SQLError.java:112)
	at mysql.connector.j@8.4.0/com.mysql.cj.jdbc.exceptions.SQLExceptionsMapping.translateException(SQLExceptionsMapping.java:113)
	at mysql.connector.j@8.4.0/com.mysql.cj.jdbc.ClientPreparedStatement.executeInternal(ClientPreparedStatement.java:938)
	at mysql.connector.j@8.4.0/com.mysql.cj.jdbc.ClientPreparedStatement.executeQuery(ClientPreparedStatement.java:1004)
	at com.zaxxer.hikari@5.1.0/com.zaxxer.hikari.pool.ProxyPreparedStatement.executeQuery(ProxyPreparedStatement.java:52)
	at com.zaxxer.hikari@5.1.0/com.zaxxer.hikari.pool.HikariProxyPreparedStatement.executeQuery(HikariProxyPreparedStatement.java)
	at Porsche/DAO.AdminAccountDAO.getMonthlyAttendance(AdminAccountDAO.java:101)
	at Porsche/Controllers.adminAccountController$2.call(adminAccountController.java:165)
	at Porsche/Controllers.adminAccountController$2.call(adminAccountController.java:162)
	at javafx.graphics@21.0.6/javafx.concurrent.Task$TaskCallable.call(Task.java:1399)
	at java.base/java.util.concurrent.FutureTask.run(FutureTask.java:328)
	at java.base/java.util.concurrent.ThreadPoolExecutor.runWorker(ThreadPoolExecutor.java:1095)
	at java.base/java.util.concurrent.ThreadPoolExecutor$Worker.run(ThreadPoolExecutor.java:619)
	at java.base/java.lang.Thread.run(Thread.java:1447)
2025-10-08 23:46:25.489 [JavaFX Application Thread] ERROR Controllers.adminAccountController - Failed to load targets
java.sql.SQLSyntaxErrorException: Table 'car_show_room.target' doesn't exist
	at mysql.connector.j@8.4.0/com.mysql.cj.jdbc.exceptions.SQLError.createSQLException(SQLError.java:112)
	at mysql.connector.j@8.4.0/com.mysql.cj.jdbc.exceptions.SQLExceptionsMapping.translateException(SQLExceptionsMapping.java:113)
	at mysql.connector.j@8.4.0/com.mysql.cj.jdbc.ClientPreparedStatement.executeInternal(ClientPreparedStatement.java:938)
	at mysql.connector.j@8.4.0/com.mysql.cj.jdbc.ClientPreparedStatement.executeQuery(ClientPreparedStatement.java:1004)
	at com.zaxxer.hikari@5.1.0/com.zaxxer.hikari.pool.ProxyPreparedStatement.executeQuery(ProxyPreparedStatement.java:52)
	at com.zaxxer.hikari@5.1.0/com.zaxxer.hikari.pool.HikariProxyPreparedStatement.executeQuery(HikariProxyPreparedStatement.java)
	at Porsche/DAO.AdminAccountDAO.getTargetData(AdminAccountDAO.java:139)
	at Porsche/Controllers.adminAccountController$3.call(adminAccountController.java:199)
	at Porsche/Controllers.adminAccountController$3.call(adminAccountController.java:196)
	at javafx.graphics@21.0.6/javafx.concurrent.Task$TaskCallable.call(Task.java:1399)
	at java.base/java.util.concurrent.FutureTask.run(FutureTask.java:328)
	at java.base/java.util.concurrent.ThreadPoolExecutor.runWorker(ThreadPoolExecutor.java:1095)
	at java.base/java.util.concurrent.ThreadPoolExecutor$Worker.run(ThreadPoolExecutor.java:619)
	at java.base/java.lang.Thread.run(Thread.java:1447)
2025-10-08 23:46:26.263 [JavaFX Application Thread] ERROR Controllers.adminAccountController - Failed to load targets
java.sql.SQLSyntaxErrorException: Table 'car_show_room.target' doesn't exist
	at mysql.connector.j@8.4.0/com.mysql.cj.jdbc.exceptions.SQLError.createSQLException(SQLError.java:112)
	at mysql.connector.j@8.4.0/com.mysql.cj.jdbc.exceptions.SQLExceptionsMapping.translateException(SQLExceptionsMapping.java:113)
	at mysql.connector.j@8.4.0/com.mysql.cj.jdbc.ClientPreparedStatement.executeInternal(ClientPreparedStatement.java:938)
	at mysql.connector.j@8.4.0/com.mysql.cj.jdbc.ClientPreparedStatement.executeQuery(ClientPreparedStatement.java:1004)
	at com.zaxxer.hikari@5.1.0/com.zaxxer.hikari.pool.ProxyPreparedStatement.executeQuery(ProxyPreparedStatement.java:52)
	at com.zaxxer.hikari@5.1.0/com.zaxxer.hikari.pool.HikariProxyPreparedStatement.executeQuery(HikariProxyPreparedStatement.java)
	at Porsche/DAO.AdminAccountDAO.getTargetData(AdminAccountDAO.java:139)
	at Porsche/Controllers.adminAccountController$3.call(adminAccountController.java:199)
	at Porsche/Controllers.adminAccountController$3.call(adminAccountController.java:196)
	at javafx.graphics@21.0.6/javafx.concurrent.Task$TaskCallable.call(Task.java:1399)
	at java.base/java.util.concurrent.FutureTask.run(FutureTask.java:328)
	at java.base/java.util.concurrent.ThreadPoolExecutor.runWorker(ThreadPoolExecutor.java:1095)
	at java.base/java.util.concurrent.ThreadPoolExecutor$Worker.run(ThreadPoolExecutor.java:619)
	at java.base/java.lang.Thread.run(Thread.java:1447)
2025-10-08 23:46:26.320 [JavaFX Application Thread] ERROR Controllers.adminAccountController - Failed to load attendance
java.sql.SQLSyntaxErrorException: Table 'car_show_room.attendance' doesn't exist
	at mysql.connector.j@8.4.0/com.mysql.cj.jdbc.exceptions.SQLError.createSQLException(SQLError.java:112)
	at mysql.connector.j@8.4.0/com.mysql.cj.jdbc.exceptions.SQLExceptionsMapping.translateException(SQLExceptionsMapping.java:113)
	at mysql.connector.j@8.4.0/com.mysql.cj.jdbc.ClientPreparedStatement.executeInternal(ClientPreparedStatement.java:938)
	at mysql.connector.j@8.4.0/com.mysql.cj.jdbc.ClientPreparedStatement.executeQuery(ClientPreparedStatement.java:1004)
	at com.zaxxer.hikari@5.1.0/com.zaxxer.hikari.pool.ProxyPreparedStatement.executeQuery(ProxyPreparedStatement.java:52)
	at com.zaxxer.hikari@5.1.0/com.zaxxer.hikari.pool.HikariProxyPreparedStatement.executeQuery(HikariProxyPreparedStatement.java)
	at Porsche/DAO.AdminAccountDAO.getMonthlyAttendance(AdminAccountDAO.java:101)
	at Porsche/Controllers.adminAccountController$2.call(adminAccountController.java:165)
	at Porsche/Controllers.adminAccountController$2.call(adminAccountController.java:162)
	at javafx.graphics@21.0.6/javafx.concurrent.Task$TaskCallable.call(Task.java:1399)
	at java.base/java.util.concurrent.FutureTask.run(FutureTask.java:328)
	at java.base/java.util.concurrent.ThreadPoolExecutor.runWorker(ThreadPoolExecutor.java:1095)
	at java.base/java.util.concurrent.ThreadPoolExecutor$Worker.run(ThreadPoolExecutor.java:619)
	at java.base/java.lang.Thread.run(Thread.java:1447)
2025-10-08 23:46:34.470 [Thread-2304] INFO  Controllers.loginController - User zaw lin logged in successfully with role: manager
2025-10-08 23:46:50.078 [JavaFX Application Thread] INFO  Utils.LogoutHelper - User 10 logged out successfully
2025-10-08 23:46:55.800 [Thread-2304] INFO  Controllers.loginController - User admin logged in successfully with role: admin
2025-10-08 23:46:57.879 [Thread-14465] DEBUG DAO.AdminAccountDAO - AdminAccountDAO initialized with connection from pool
2025-10-08 23:46:58.532 [JavaFX Application Thread] ERROR Controllers.adminAccountController - Failed to load attendance
java.sql.SQLSyntaxErrorException: Table 'car_show_room.attendance' doesn't exist
	at mysql.connector.j@8.4.0/com.mysql.cj.jdbc.exceptions.SQLError.createSQLException(SQLError.java:112)
	at mysql.connector.j@8.4.0/com.mysql.cj.jdbc.exceptions.SQLExceptionsMapping.translateException(SQLExceptionsMapping.java:113)
	at mysql.connector.j@8.4.0/com.mysql.cj.jdbc.ClientPreparedStatement.executeInternal(ClientPreparedStatement.java:938)
	at mysql.connector.j@8.4.0/com.mysql.cj.jdbc.ClientPreparedStatement.executeQuery(ClientPreparedStatement.java:1004)
	at com.zaxxer.hikari@5.1.0/com.zaxxer.hikari.pool.ProxyPreparedStatement.executeQuery(ProxyPreparedStatement.java:52)
	at com.zaxxer.hikari@5.1.0/com.zaxxer.hikari.pool.HikariProxyPreparedStatement.executeQuery(HikariProxyPreparedStatement.java)
	at Porsche/DAO.AdminAccountDAO.getMonthlyAttendance(AdminAccountDAO.java:101)
	at Porsche/Controllers.adminAccountController$2.call(adminAccountController.java:165)
	at Porsche/Controllers.adminAccountController$2.call(adminAccountController.java:162)
	at javafx.graphics@21.0.6/javafx.concurrent.Task$TaskCallable.call(Task.java:1399)
	at java.base/java.util.concurrent.FutureTask.run(FutureTask.java:328)
	at java.base/java.util.concurrent.ThreadPoolExecutor.runWorker(ThreadPoolExecutor.java:1095)
	at java.base/java.util.concurrent.ThreadPoolExecutor$Worker.run(ThreadPoolExecutor.java:619)
	at java.base/java.lang.Thread.run(Thread.java:1447)
2025-10-08 23:46:58.580 [JavaFX Application Thread] ERROR Controllers.adminAccountController - Failed to load targets
java.sql.SQLSyntaxErrorException: Table 'car_show_room.target' doesn't exist
	at mysql.connector.j@8.4.0/com.mysql.cj.jdbc.exceptions.SQLError.createSQLException(SQLError.java:112)
	at mysql.connector.j@8.4.0/com.mysql.cj.jdbc.exceptions.SQLExceptionsMapping.translateException(SQLExceptionsMapping.java:113)
	at mysql.connector.j@8.4.0/com.mysql.cj.jdbc.ClientPreparedStatement.executeInternal(ClientPreparedStatement.java:938)
	at mysql.connector.j@8.4.0/com.mysql.cj.jdbc.ClientPreparedStatement.executeQuery(ClientPreparedStatement.java:1004)
	at com.zaxxer.hikari@5.1.0/com.zaxxer.hikari.pool.ProxyPreparedStatement.executeQuery(ProxyPreparedStatement.java:52)
	at com.zaxxer.hikari@5.1.0/com.zaxxer.hikari.pool.HikariProxyPreparedStatement.executeQuery(HikariProxyPreparedStatement.java)
	at Porsche/DAO.AdminAccountDAO.getTargetData(AdminAccountDAO.java:139)
	at Porsche/Controllers.adminAccountController$3.call(adminAccountController.java:199)
	at Porsche/Controllers.adminAccountController$3.call(adminAccountController.java:196)
	at javafx.graphics@21.0.6/javafx.concurrent.Task$TaskCallable.call(Task.java:1399)
	at java.base/java.util.concurrent.FutureTask.run(FutureTask.java:328)
	at java.base/java.util.concurrent.ThreadPoolExecutor.runWorker(ThreadPoolExecutor.java:1095)
	at java.base/java.util.concurrent.ThreadPoolExecutor$Worker.run(ThreadPoolExecutor.java:619)
	at java.base/java.lang.Thread.run(Thread.java:1447)
2025-10-08 23:46:59.459 [JavaFX Application Thread] ERROR Controllers.adminAccountController - Failed to load targets
java.sql.SQLSyntaxErrorException: Table 'car_show_room.target' doesn't exist
	at mysql.connector.j@8.4.0/com.mysql.cj.jdbc.exceptions.SQLError.createSQLException(SQLError.java:112)
	at mysql.connector.j@8.4.0/com.mysql.cj.jdbc.exceptions.SQLExceptionsMapping.translateException(SQLExceptionsMapping.java:113)
	at mysql.connector.j@8.4.0/com.mysql.cj.jdbc.ClientPreparedStatement.executeInternal(ClientPreparedStatement.java:938)
	at mysql.connector.j@8.4.0/com.mysql.cj.jdbc.ClientPreparedStatement.executeQuery(ClientPreparedStatement.java:1004)
	at com.zaxxer.hikari@5.1.0/com.zaxxer.hikari.pool.ProxyPreparedStatement.executeQuery(ProxyPreparedStatement.java:52)
	at com.zaxxer.hikari@5.1.0/com.zaxxer.hikari.pool.HikariProxyPreparedStatement.executeQuery(HikariProxyPreparedStatement.java)
	at Porsche/DAO.AdminAccountDAO.getTargetData(AdminAccountDAO.java:139)
	at Porsche/Controllers.adminAccountController$3.call(adminAccountController.java:199)
	at Porsche/Controllers.adminAccountController$3.call(adminAccountController.java:196)
	at javafx.graphics@21.0.6/javafx.concurrent.Task$TaskCallable.call(Task.java:1399)
	at java.base/java.util.concurrent.FutureTask.run(FutureTask.java:328)
	at java.base/java.util.concurrent.ThreadPoolExecutor.runWorker(ThreadPoolExecutor.java:1095)
	at java.base/java.util.concurrent.ThreadPoolExecutor$Worker.run(ThreadPoolExecutor.java:619)
	at java.base/java.lang.Thread.run(Thread.java:1447)
2025-10-08 23:46:59.578 [JavaFX Application Thread] ERROR Controllers.adminAccountController - Failed to load attendance
java.sql.SQLSyntaxErrorException: Table 'car_show_room.attendance' doesn't exist
	at mysql.connector.j@8.4.0/com.mysql.cj.jdbc.exceptions.SQLError.createSQLException(SQLError.java:112)
	at mysql.connector.j@8.4.0/com.mysql.cj.jdbc.exceptions.SQLExceptionsMapping.translateException(SQLExceptionsMapping.java:113)
	at mysql.connector.j@8.4.0/com.mysql.cj.jdbc.ClientPreparedStatement.executeInternal(ClientPreparedStatement.java:938)
	at mysql.connector.j@8.4.0/com.mysql.cj.jdbc.ClientPreparedStatement.executeQuery(ClientPreparedStatement.java:1004)
	at com.zaxxer.hikari@5.1.0/com.zaxxer.hikari.pool.ProxyPreparedStatement.executeQuery(ProxyPreparedStatement.java:52)
	at com.zaxxer.hikari@5.1.0/com.zaxxer.hikari.pool.HikariProxyPreparedStatement.executeQuery(HikariProxyPreparedStatement.java)
	at Porsche/DAO.AdminAccountDAO.getMonthlyAttendance(AdminAccountDAO.java:101)
	at Porsche/Controllers.adminAccountController$2.call(adminAccountController.java:165)
	at Porsche/Controllers.adminAccountController$2.call(adminAccountController.java:162)
	at javafx.graphics@21.0.6/javafx.concurrent.Task$TaskCallable.call(Task.java:1399)
	at java.base/java.util.concurrent.FutureTask.run(FutureTask.java:328)
	at java.base/java.util.concurrent.ThreadPoolExecutor.runWorker(ThreadPoolExecutor.java:1095)
	at java.base/java.util.concurrent.ThreadPoolExecutor$Worker.run(ThreadPoolExecutor.java:619)
	at java.base/java.lang.Thread.run(Thread.java:1447)
2025-10-08 23:47:01.553 [JavaFX Application Thread] ERROR Controllers.adminAccountController - Failed to load targets
java.sql.SQLSyntaxErrorException: Table 'car_show_room.target' doesn't exist
	at mysql.connector.j@8.4.0/com.mysql.cj.jdbc.exceptions.SQLError.createSQLException(SQLError.java:112)
	at mysql.connector.j@8.4.0/com.mysql.cj.jdbc.exceptions.SQLExceptionsMapping.translateException(SQLExceptionsMapping.java:113)
	at mysql.connector.j@8.4.0/com.mysql.cj.jdbc.ClientPreparedStatement.executeInternal(ClientPreparedStatement.java:938)
	at mysql.connector.j@8.4.0/com.mysql.cj.jdbc.ClientPreparedStatement.executeQuery(ClientPreparedStatement.java:1004)
	at com.zaxxer.hikari@5.1.0/com.zaxxer.hikari.pool.ProxyPreparedStatement.executeQuery(ProxyPreparedStatement.java:52)
	at com.zaxxer.hikari@5.1.0/com.zaxxer.hikari.pool.HikariProxyPreparedStatement.executeQuery(HikariProxyPreparedStatement.java)
	at Porsche/DAO.AdminAccountDAO.getTargetData(AdminAccountDAO.java:139)
	at Porsche/Controllers.adminAccountController$3.call(adminAccountController.java:199)
	at Porsche/Controllers.adminAccountController$3.call(adminAccountController.java:196)
	at javafx.graphics@21.0.6/javafx.concurrent.Task$TaskCallable.call(Task.java:1399)
	at java.base/java.util.concurrent.FutureTask.run(FutureTask.java:328)
	at java.base/java.util.concurrent.ThreadPoolExecutor.runWorker(ThreadPoolExecutor.java:1095)
	at java.base/java.util.concurrent.ThreadPoolExecutor$Worker.run(ThreadPoolExecutor.java:619)
	at java.base/java.lang.Thread.run(Thread.java:1447)
2025-10-08 23:47:01.603 [JavaFX Application Thread] ERROR Controllers.adminAccountController - Failed to load attendance
java.sql.SQLSyntaxErrorException: Table 'car_show_room.attendance' doesn't exist
	at mysql.connector.j@8.4.0/com.mysql.cj.jdbc.exceptions.SQLError.createSQLException(SQLError.java:112)
	at mysql.connector.j@8.4.0/com.mysql.cj.jdbc.exceptions.SQLExceptionsMapping.translateException(SQLExceptionsMapping.java:113)
	at mysql.connector.j@8.4.0/com.mysql.cj.jdbc.ClientPreparedStatement.executeInternal(ClientPreparedStatement.java:938)
	at mysql.connector.j@8.4.0/com.mysql.cj.jdbc.ClientPreparedStatement.executeQuery(ClientPreparedStatement.java:1004)
	at com.zaxxer.hikari@5.1.0/com.zaxxer.hikari.pool.ProxyPreparedStatement.executeQuery(ProxyPreparedStatement.java:52)
	at com.zaxxer.hikari@5.1.0/com.zaxxer.hikari.pool.HikariProxyPreparedStatement.executeQuery(HikariProxyPreparedStatement.java)
	at Porsche/DAO.AdminAccountDAO.getMonthlyAttendance(AdminAccountDAO.java:101)
	at Porsche/Controllers.adminAccountController$2.call(adminAccountController.java:165)
	at Porsche/Controllers.adminAccountController$2.call(adminAccountController.java:162)
	at javafx.graphics@21.0.6/javafx.concurrent.Task$TaskCallable.call(Task.java:1399)
	at java.base/java.util.concurrent.FutureTask.run(FutureTask.java:328)
	at java.base/java.util.concurrent.ThreadPoolExecutor.runWorker(ThreadPoolExecutor.java:1095)
	at java.base/java.util.concurrent.ThreadPoolExecutor$Worker.run(ThreadPoolExecutor.java:619)
	at java.base/java.lang.Thread.run(Thread.java:1447)
2025-10-08 23:47:04.053 [JavaFX Application Thread] ERROR Controllers.adminAccountController - Failed to load targets
java.sql.SQLSyntaxErrorException: Table 'car_show_room.target' doesn't exist
	at mysql.connector.j@8.4.0/com.mysql.cj.jdbc.exceptions.SQLError.createSQLException(SQLError.java:112)
	at mysql.connector.j@8.4.0/com.mysql.cj.jdbc.exceptions.SQLExceptionsMapping.translateException(SQLExceptionsMapping.java:113)
	at mysql.connector.j@8.4.0/com.mysql.cj.jdbc.ClientPreparedStatement.executeInternal(ClientPreparedStatement.java:938)
	at mysql.connector.j@8.4.0/com.mysql.cj.jdbc.ClientPreparedStatement.executeQuery(ClientPreparedStatement.java:1004)
	at com.zaxxer.hikari@5.1.0/com.zaxxer.hikari.pool.ProxyPreparedStatement.executeQuery(ProxyPreparedStatement.java:52)
	at com.zaxxer.hikari@5.1.0/com.zaxxer.hikari.pool.HikariProxyPreparedStatement.executeQuery(HikariProxyPreparedStatement.java)
	at Porsche/DAO.AdminAccountDAO.getTargetData(AdminAccountDAO.java:139)
	at Porsche/Controllers.adminAccountController$3.call(adminAccountController.java:199)
	at Porsche/Controllers.adminAccountController$3.call(adminAccountController.java:196)
	at javafx.graphics@21.0.6/javafx.concurrent.Task$TaskCallable.call(Task.java:1399)
	at java.base/java.util.concurrent.FutureTask.run(FutureTask.java:328)
	at java.base/java.util.concurrent.ThreadPoolExecutor.runWorker(ThreadPoolExecutor.java:1095)
	at java.base/java.util.concurrent.ThreadPoolExecutor$Worker.run(ThreadPoolExecutor.java:619)
	at java.base/java.lang.Thread.run(Thread.java:1447)
2025-10-08 23:47:04.054 [JavaFX Application Thread] ERROR Controllers.adminAccountController - Failed to load attendance
java.sql.SQLSyntaxErrorException: Table 'car_show_room.attendance' doesn't exist
	at mysql.connector.j@8.4.0/com.mysql.cj.jdbc.exceptions.SQLError.createSQLException(SQLError.java:112)
	at mysql.connector.j@8.4.0/com.mysql.cj.jdbc.exceptions.SQLExceptionsMapping.translateException(SQLExceptionsMapping.java:113)
	at mysql.connector.j@8.4.0/com.mysql.cj.jdbc.ClientPreparedStatement.executeInternal(ClientPreparedStatement.java:938)
	at mysql.connector.j@8.4.0/com.mysql.cj.jdbc.ClientPreparedStatement.executeQuery(ClientPreparedStatement.java:1004)
	at com.zaxxer.hikari@5.1.0/com.zaxxer.hikari.pool.ProxyPreparedStatement.executeQuery(ProxyPreparedStatement.java:52)
	at com.zaxxer.hikari@5.1.0/com.zaxxer.hikari.pool.HikariProxyPreparedStatement.executeQuery(HikariProxyPreparedStatement.java)
	at Porsche/DAO.AdminAccountDAO.getMonthlyAttendance(AdminAccountDAO.java:101)
	at Porsche/Controllers.adminAccountController$2.call(adminAccountController.java:165)
	at Porsche/Controllers.adminAccountController$2.call(adminAccountController.java:162)
	at javafx.graphics@21.0.6/javafx.concurrent.Task$TaskCallable.call(Task.java:1399)
	at java.base/java.util.concurrent.FutureTask.run(FutureTask.java:328)
	at java.base/java.util.concurrent.ThreadPoolExecutor.runWorker(ThreadPoolExecutor.java:1095)
	at java.base/java.util.concurrent.ThreadPoolExecutor$Worker.run(ThreadPoolExecutor.java:619)
	at java.base/java.lang.Thread.run(Thread.java:1447)
2025-10-08 23:47:05.248 [JavaFX Application Thread] ERROR Controllers.adminAccountController - Failed to load attendance
java.sql.SQLSyntaxErrorException: Table 'car_show_room.attendance' doesn't exist
	at mysql.connector.j@8.4.0/com.mysql.cj.jdbc.exceptions.SQLError.createSQLException(SQLError.java:112)
	at mysql.connector.j@8.4.0/com.mysql.cj.jdbc.exceptions.SQLExceptionsMapping.translateException(SQLExceptionsMapping.java:113)
	at mysql.connector.j@8.4.0/com.mysql.cj.jdbc.ClientPreparedStatement.executeInternal(ClientPreparedStatement.java:938)
	at mysql.connector.j@8.4.0/com.mysql.cj.jdbc.ClientPreparedStatement.executeQuery(ClientPreparedStatement.java:1004)
	at com.zaxxer.hikari@5.1.0/com.zaxxer.hikari.pool.ProxyPreparedStatement.executeQuery(ProxyPreparedStatement.java:52)
	at com.zaxxer.hikari@5.1.0/com.zaxxer.hikari.pool.HikariProxyPreparedStatement.executeQuery(HikariProxyPreparedStatement.java)
	at Porsche/DAO.AdminAccountDAO.getMonthlyAttendance(AdminAccountDAO.java:101)
	at Porsche/Controllers.adminAccountController$2.call(adminAccountController.java:165)
	at Porsche/Controllers.adminAccountController$2.call(adminAccountController.java:162)
	at javafx.graphics@21.0.6/javafx.concurrent.Task$TaskCallable.call(Task.java:1399)
	at java.base/java.util.concurrent.FutureTask.run(FutureTask.java:328)
	at java.base/java.util.concurrent.ThreadPoolExecutor.runWorker(ThreadPoolExecutor.java:1095)
	at java.base/java.util.concurrent.ThreadPoolExecutor$Worker.run(ThreadPoolExecutor.java:619)
	at java.base/java.lang.Thread.run(Thread.java:1447)
2025-10-08 23:47:05.309 [JavaFX Application Thread] ERROR Controllers.adminAccountController - Failed to load targets
java.sql.SQLSyntaxErrorException: Table 'car_show_room.target' doesn't exist
	at mysql.connector.j@8.4.0/com.mysql.cj.jdbc.exceptions.SQLError.createSQLException(SQLError.java:112)
	at mysql.connector.j@8.4.0/com.mysql.cj.jdbc.exceptions.SQLExceptionsMapping.translateException(SQLExceptionsMapping.java:113)
	at mysql.connector.j@8.4.0/com.mysql.cj.jdbc.ClientPreparedStatement.executeInternal(ClientPreparedStatement.java:938)
	at mysql.connector.j@8.4.0/com.mysql.cj.jdbc.ClientPreparedStatement.executeQuery(ClientPreparedStatement.java:1004)
	at com.zaxxer.hikari@5.1.0/com.zaxxer.hikari.pool.ProxyPreparedStatement.executeQuery(ProxyPreparedStatement.java:52)
	at com.zaxxer.hikari@5.1.0/com.zaxxer.hikari.pool.HikariProxyPreparedStatement.executeQuery(HikariProxyPreparedStatement.java)
	at Porsche/DAO.AdminAccountDAO.getTargetData(AdminAccountDAO.java:139)
	at Porsche/Controllers.adminAccountController$3.call(adminAccountController.java:199)
	at Porsche/Controllers.adminAccountController$3.call(adminAccountController.java:196)
	at javafx.graphics@21.0.6/javafx.concurrent.Task$TaskCallable.call(Task.java:1399)
	at java.base/java.util.concurrent.FutureTask.run(FutureTask.java:328)
	at java.base/java.util.concurrent.ThreadPoolExecutor.runWorker(ThreadPoolExecutor.java:1095)
	at java.base/java.util.concurrent.ThreadPoolExecutor$Worker.run(ThreadPoolExecutor.java:619)
	at java.base/java.lang.Thread.run(Thread.java:1447)
2025-10-08 23:47:06.656 [JavaFX Application Thread] ERROR Controllers.adminAccountController - Failed to load attendance
java.sql.SQLSyntaxErrorException: Table 'car_show_room.attendance' doesn't exist
	at mysql.connector.j@8.4.0/com.mysql.cj.jdbc.exceptions.SQLError.createSQLException(SQLError.java:112)
	at mysql.connector.j@8.4.0/com.mysql.cj.jdbc.exceptions.SQLExceptionsMapping.translateException(SQLExceptionsMapping.java:113)
	at mysql.connector.j@8.4.0/com.mysql.cj.jdbc.ClientPreparedStatement.executeInternal(ClientPreparedStatement.java:938)
	at mysql.connector.j@8.4.0/com.mysql.cj.jdbc.ClientPreparedStatement.executeQuery(ClientPreparedStatement.java:1004)
	at com.zaxxer.hikari@5.1.0/com.zaxxer.hikari.pool.ProxyPreparedStatement.executeQuery(ProxyPreparedStatement.java:52)
	at com.zaxxer.hikari@5.1.0/com.zaxxer.hikari.pool.HikariProxyPreparedStatement.executeQuery(HikariProxyPreparedStatement.java)
	at Porsche/DAO.AdminAccountDAO.getMonthlyAttendance(AdminAccountDAO.java:101)
	at Porsche/Controllers.adminAccountController$2.call(adminAccountController.java:165)
	at Porsche/Controllers.adminAccountController$2.call(adminAccountController.java:162)
	at javafx.graphics@21.0.6/javafx.concurrent.Task$TaskCallable.call(Task.java:1399)
	at java.base/java.util.concurrent.FutureTask.run(FutureTask.java:328)
	at java.base/java.util.concurrent.ThreadPoolExecutor.runWorker(ThreadPoolExecutor.java:1095)
	at java.base/java.util.concurrent.ThreadPoolExecutor$Worker.run(ThreadPoolExecutor.java:619)
	at java.base/java.lang.Thread.run(Thread.java:1447)
2025-10-08 23:47:06.723 [JavaFX Application Thread] ERROR Controllers.adminAccountController - Failed to load targets
java.sql.SQLSyntaxErrorException: Table 'car_show_room.target' doesn't exist
	at mysql.connector.j@8.4.0/com.mysql.cj.jdbc.exceptions.SQLError.createSQLException(SQLError.java:112)
	at mysql.connector.j@8.4.0/com.mysql.cj.jdbc.exceptions.SQLExceptionsMapping.translateException(SQLExceptionsMapping.java:113)
	at mysql.connector.j@8.4.0/com.mysql.cj.jdbc.ClientPreparedStatement.executeInternal(ClientPreparedStatement.java:938)
	at mysql.connector.j@8.4.0/com.mysql.cj.jdbc.ClientPreparedStatement.executeQuery(ClientPreparedStatement.java:1004)
	at com.zaxxer.hikari@5.1.0/com.zaxxer.hikari.pool.ProxyPreparedStatement.executeQuery(ProxyPreparedStatement.java:52)
	at com.zaxxer.hikari@5.1.0/com.zaxxer.hikari.pool.HikariProxyPreparedStatement.executeQuery(HikariProxyPreparedStatement.java)
	at Porsche/DAO.AdminAccountDAO.getTargetData(AdminAccountDAO.java:139)
	at Porsche/Controllers.adminAccountController$3.call(adminAccountController.java:199)
	at Porsche/Controllers.adminAccountController$3.call(adminAccountController.java:196)
	at javafx.graphics@21.0.6/javafx.concurrent.Task$TaskCallable.call(Task.java:1399)
	at java.base/java.util.concurrent.FutureTask.run(FutureTask.java:328)
	at java.base/java.util.concurrent.ThreadPoolExecutor.runWorker(ThreadPoolExecutor.java:1095)
	at java.base/java.util.concurrent.ThreadPoolExecutor$Worker.run(ThreadPoolExecutor.java:619)
	at java.base/java.lang.Thread.run(Thread.java:1447)
2025-10-08 23:54:04.641 [JavaFX Application Thread] INFO  Utils.ThreadPoolManager - Thread pool manager initialized
2025-10-08 23:54:04.670 [Thread-5077] INFO  com.zaxxer.hikari.HikariDataSource - HikariPool-1 - Starting...
2025-10-08 23:54:06.210 [Thread-5077] INFO  com.zaxxer.hikari.pool.HikariPool - HikariPool-1 - Added connection com.mysql.cj.jdbc.ConnectionImpl@1be23dc1
2025-10-08 23:54:06.214 [Thread-5077] INFO  com.zaxxer.hikari.HikariDataSource - HikariPool-1 - Start completed.
2025-10-08 23:54:06.215 [Thread-5077] INFO  Database.DatabaseConnectionManager - Database connection pool initialized successfully
2025-10-08 23:54:06.396 [Thread-5077] INFO  Controllers.loginController - User admin logged in successfully with role: admin
2025-10-08 23:54:08.740 [Thread-5079] DEBUG DAO.AdminAccountDAO - AdminAccountDAO initialized with connection from pool
